id,title,especie,raza,sexo,peligroso,fechaNacimiento,capa,tamagno,foto,lugar,disponibilidad,identificadoIngreso,microchip,pasaporteISO,pasaporteNum,rabia,esterilizado,enCMPA,creationDate,lastUpdated,cartilla,fechaRabia,lugarEsterilizacion,fechaEsterilizacion,caracter,description,chenil,espacio,foto2
2922,JAIRO,Canina,AMERICAN STAFFORDSHIRE TERRIER,Macho,S,2020-06-03T00:00:00,Atigrado,Mediano (11-25 kg),/cont/paginas/proteccionanimal/animal/imagen/JAIRO.jpg,Guardería,Disponible,N,941000026523259,ES,020328342,N,S,S,2021-06-09T00:00:00,2021-08-12T10:20:40,,,,,,,,,https://www.zaragoza.es/cont/paginas/proteccionanimal/animal/imagen/JAIRO.jpg
3342,JASPER,Felina,COMUN EUROPEO,Macho,N,2019-06-15T00:00:00,BLANCO Y NEGRO,Mediano (11-25 kg),/cont/paginas/proteccionanimal/animal/imagen/3342_1663745609849.png,Parque,Disponible,N,941000026523362,,,N,S,S,2021-06-24T00:00:00,2022-09-21T09:33:29,AR0018819,,,,,,,,https://www.zaragoza.es/cont/paginas/proteccionanimal/animal/imagen/3342_1663745609849.png
3351,Shiba,Canina,MESTIZO,Hembra,N,2014-12-19T00:00:00,Negro,,/cont/paginas/proteccionanimal/animal/imagen/3351_1663747399970.png,Cuarentena,Disponible,S,941000017536978,ES,020187120,S,N,N,2021-06-24T00:00:00,2022-09-21T10:03:19,,,,,,,,,https://www.zaragoza.es/cont/paginas/proteccionanimal/animal/imagen/3351_1663747399970.png
1910,FINA ,Canina,MESTIZO,Hembra,S,2018-07-15T00:00:00,Atigrado,Mediano (11-25 kg),/cont/paginas/proteccionanimal/animal/imagen/FINA.jpg,Guardería,Disponible,N,941000024746817,ES,020302391,N,S,S,2021-05-20T00:00:00,2021-08-12T11:35:46,,2020-02-10T00:00:00,En el CMPA,2021-05-01T00:00:00,Bueno,,,,https://www.zaragoza.es/cont/paginas/proteccionanimal/animal/imagen/FINA.jpg
1930,STRONG,Canina,MESTIZO,Macho,S,2014-06-06T00:00:00,Atigrado,Grande (26-44 kg),/cont/paginas/proteccionanimal/animal/imagen/STRONG.jpg,Guardería,Disponible,S,900176000121034,ES,020300418,S,S,N,2021-05-20T00:00:00,2021-06-02T13:45:31,,2019-09-07T00:00:00,,,Bueno,,,,https://www.zaragoza.es/cont/paginas/proteccionanimal/animal/imagen/STRONG.jpg
1990,MILU,Canina,AMERICAN STAFFORDSHIRE TERRIER,Hembra,S,2019-05-10T00:00:00,,Mediano (11-25 kg),/cont/paginas/proteccionanimal/animal/imagen/MILU.jpg,CMPA,Disponible,N,941000025852614,ES,020322712,S,S,S,2021-05-20T00:00:00,2022-05-28T09:11:27,,,,,,,,,https://www.zaragoza.es/cont/paginas/proteccionanimal/animal/imagen/MILU.jpg
2055,MAYO,Canina,PASTOR ALEMÁN,Macho,N,2011-05-25T00:00:00,Negro y fuego,Grande (26-44 kg),/cont/paginas/proteccionanimal/animal/imagen/mayo.png,CMPA,Disponible,N,941000026523198,ES,020328337,N,S,S,2021-05-20T00:00:00,2022-05-25T08:45:34,,,,,,,,,https://www.zaragoza.es/cont/paginas/proteccionanimal/animal/imagen/mayo.png
2082,NAPOLEON,Canina,AMERICAN STAFFORDSHIRE TERRIER,Macho,S,2020-07-15T00:00:00,Blanco y negro,Mediano (11-25 kg),/cont/paginas/proteccionanimal/animal/imagen/napoleon.png,CMPA,Disponible,N,941000026523328,ES,020328334,N,S,S,2021-05-20T00:00:00,2022-05-24T10:43:38,,,,,,,,,https://www.zaragoza.es/cont/paginas/proteccionanimal/animal/imagen/napoleon.png
2117,MISI,Felina,SIAMÉS,Hembra,N,2019-03-30T00:00:00,Gris,Pequeño (< 10 Kg),/cont/paginas/proteccionanimal/animal/imagen/misi.jpg,Cuarentena,Disponible,N,941000026249012,,,N,S,S,2021-05-20T00:00:00,2022-11-25T08:34:31,AR0040568,,,,,,,,https://www.zaragoza.es/cont/paginas/proteccionanimal/animal/imagen/misi.jpg
2156,MORGAN,Felina,COMÚN EUROPEO,Macho,N,2020-03-15T00:00:00,Negro,Pequeño (< 10 Kg),/cont/paginas/proteccionanimal/animal/imagen/morgan.png,Casa de Acogida,Disponible,N,941000026249030,,,N,N,S,2021-05-20T00:00:00,2022-02-10T09:27:05,AR0040565,,,,,,,,https://www.zaragoza.es/cont/paginas/proteccionanimal/animal/imagen/morgan.png
2170,CASETAS,Felina,COMÚN EUROPEO,Hembra,N,2019-10-17T00:00:00,Atigrado,Pequeño (< 10 Kg),/cont/paginas/proteccionanimal/animal/imagen/casetas.jpg,Parque,Disponible,N,941000026248989,,,N,S,S,2021-05-20T00:00:00,2021-08-25T15:06:56,AR0040253,,,,,,,,https://www.zaragoza.es/cont/paginas/proteccionanimal/animal/imagen/casetas.jpg
2183,THORR ,Canina,AMERICAN STAFFORDSHIRE TERRIER,Macho,S,2019-09-13T00:00:00,Blanco y rojo,Mediano (11-25 kg),/cont/paginas/proteccionanimal/animal/imagen/THORR.jpg,Guardería,Disponible,S,941000024718193,ES,020281270,N,S,S,2021-05-20T00:00:00,2021-08-12T09:37:32,,2021-04-15T00:00:00,En el CMPA,2021-05-01T00:00:00,Bueno,,,,https://www.zaragoza.es/cont/paginas/proteccionanimal/animal/imagen/THORR.jpg
2203,CHISKA,Canina,MESTIZO,Hembra,S,2013-06-01T00:00:00,Atigrado,Mediano (11-25 kg),/cont/paginas/proteccionanimal/animal/imagen/CHISCA.jpg,Cuarentena,Disponible,S,941000023746637,ES,020333395,N,N,S,2021-05-20T00:00:00,2022-03-18T10:46:43,,2021-05-05T00:00:00,,,,,,,https://www.zaragoza.es/cont/paginas/proteccionanimal/animal/imagen/CHISCA.jpg
2209,PANCHO,Canina,AMERICAN STAFFORDSHIRE TERRIER,Macho,S,2015-05-01T00:00:00,Blanco y negro,Mediano (11-25 kg),/cont/paginas/proteccionanimal/animal/imagen/FRANCHO.jpg,Guardería,Disponible,S,941000019380918,ES,020332012,S,S,S,2021-05-20T00:00:00,2021-08-21T12:06:25,,2021-02-13T00:00:00,,,,,,,https://www.zaragoza.es/cont/paginas/proteccionanimal/animal/imagen/FRANCHO.jpg
2220,ABBY ,Canina,MESTIZO,Hembra,S,2020-04-04T00:00:00,Negro y fuego,Mediano (11-25 kg),/cont/paginas/proteccionanimal/animal/imagen/abby.jpg,Guardería,Disponible,N,941000026249023,ES,020333989,N,S,S,2021-05-20T00:00:00,2021-06-02T13:31:51,,2021-04-05T00:00:00,En el CMPA,2021-05-01T00:00:00,Bueno,,,,https://www.zaragoza.es/cont/paginas/proteccionanimal/animal/imagen/abby.jpg
2233,DAJJA ,Canina,MESTIZO,Hembra,S,2018-09-15T00:00:00,Blanco y marrón,Mediano (11-25 kg),/cont/paginas/proteccionanimal/animal/imagen/DAJJA.jpg,Guardería,Disponible,S,981098106628147,ES,020271156,N,N,S,2021-05-20T00:00:00,2022-03-18T08:55:00,,2021-02-16T00:00:00,,,,,,,https://www.zaragoza.es/cont/paginas/proteccionanimal/animal/imagen/DAJJA.jpg
2234,ARIKA ,Canina,PITBULL,Hembra,S,2014-01-06T00:00:00,Blanco y marrón,Mediano (11-25 kg),/cont/paginas/proteccionanimal/animal/imagen/ARIKA.jpg,Guardería,Disponible,S,941000016214553,ES,020332019,N,N,S,2021-05-20T00:00:00,2022-03-18T08:53:57,,2021-02-16T00:00:00,,,,,,,https://www.zaragoza.es/cont/paginas/proteccionanimal/animal/imagen/ARIKA.jpg
592,DIVA,Canina,AMERICAN STAFFORDSHIRE TERRIER,Hembra,S,2017-11-04T00:00:00,Marrón,Grande (26-44 kg),/cont/paginas/proteccionanimal/animal/imagen/DIVA.jpg,Guardería,Disponible,S,941000021340080,ES,020293739,N,S,N,2021-05-20T00:00:00,2021-08-13T15:09:02,,2021-03-24T00:00:00,,,Bueno,,,,https://www.zaragoza.es/cont/paginas/proteccionanimal/animal/imagen/DIVA.jpg
598,Eros,Canina,PITBULL,Macho,S,2014-05-16T00:00:00,Blanco y marrón,Mediano (11-25 kg),/cont/paginas/proteccionanimal/animal/imagen/598_1663747727566.png,CMPA,Disponible,N,941000021340253,ES,020246171,N,S,S,2021-05-20T00:00:00,2022-09-21T10:08:47,,2018-08-19T00:00:00,,,Bueno,,,,https://www.zaragoza.es/cont/paginas/proteccionanimal/animal/imagen/598_1663747727566.png
624,PRINCIPE,Felina,COMÚN EUROPEO,Macho,N,2020-06-30T00:00:00,Blanco y atigrado,Pequeño (< 10 Kg),/cont/paginas/proteccionanimal/animal/imagen/IMG-20180524-WA0010.jpg,Casa de Acogida,Disponible,N,941000025852920,,,N,S,S,2021-05-20T00:00:00,2022-11-30T13:57:17,AR0026694,,,,Bueno,,,,https://www.zaragoza.es/cont/paginas/proteccionanimal/animal/imagen/IMG-20180524-WA0010.jpg
642,BARRI,Canina,DOGO ARGENTINO,Macho,S,2018-10-02T00:00:00,Blanco,Grande (26-44 kg),/cont/paginas/proteccionanimal/animal/imagen/barri2.png,CMPA,Disponible,N,941000023950613,ES,020288385,N,S,S,2021-05-20T00:00:00,2021-11-09T11:02:01,,2019-06-13T00:00:00,,,Bueno,,,,https://www.zaragoza.es/cont/paginas/proteccionanimal/animal/imagen/barri2.png
668,ROSITA,Canina,AMERICAN STAFFORDSHIRE TERRIER,Hembra,S,2018-06-18T00:00:00,Blanco y marrón,Grande (26-44 kg),/cont/paginas/proteccionanimal/animal/imagen/ROSITA.jpg,CMPA,Disponible,N,941000024072633,ES,020293698,S,S,S,2021-05-20T00:00:00,2021-08-18T11:15:20,,0019-06-18T23:00:00,,,Bueno,,,,https://www.zaragoza.es/cont/paginas/proteccionanimal/animal/imagen/ROSITA.jpg
713,FLAPY,Canina,MESTIZO,Macho,S,2017-08-29T00:00:00,Blanco y negro,Mediano (11-25 kg),/cont/paginas/proteccionanimal/animal/imagen/fLAPY-min.jpg,Guardería,Disponible,N,941000023111294,ES,020271931,N,S,S,2021-05-20T00:00:00,2021-08-13T12:22:00,,2018-08-31T00:00:00,,,Bueno,,,,https://www.zaragoza.es/cont/paginas/proteccionanimal/animal/imagen/fLAPY-min.jpg
721,ARES,Canina,AMERICAN STAFFORDSHIRE TERRIER,Macho,S,2018-04-22T00:00:00,Blanco y atigrado,Mediano (11-25 kg),/cont/paginas/proteccionanimal/animal/imagen/ARES-S.jpg,Guardería,Disponible,S,941000022909034,ES,020294224,N,S,S,2021-05-20T00:00:00,2021-08-12T10:03:43,,2019-07-20T00:00:00,,,Bueno,,,,https://www.zaragoza.es/cont/paginas/proteccionanimal/animal/imagen/ARES-S.jpg
281,VITO CORLEONE,Canina,MESTIZO,Macho,S,2017-01-01T00:00:00,Atigrado,Mediano (11-25 kg),/cont/paginas/proteccionanimal/animal/imagen/0eddf0099dfd04846e24a360ea8862b6aed7acc657031732c576c8cf60066037.jpg,Guardería,Disponible,N,941000021640353,ES,020251565,N,S,S,2021-05-20T00:00:00,2021-08-13T11:00:12,,2017-09-01T00:00:00,,,Bueno,,,,https://www.zaragoza.es/cont/paginas/proteccionanimal/animal/imagen/0eddf0099dfd04846e24a360ea8862b6aed7acc657031732c576c8cf60066037.jpg
337,BOIRA,Felina,COMÚN EUROPEO,Hembra,N,2019-05-20T00:00:00,Tricolor,Pequeño (< 10 Kg),/cont/paginas/proteccionanimal/animal/imagen/Boira 8974.png,Casa de Acogida,Disponible,N,941000024074041,,,N,N,S,2021-05-20T00:00:00,2021-08-25T15:33:09,AR0016727,,,,,,,,https://www.zaragoza.es/cont/paginas/proteccionanimal/animal/imagen/Boira 8974.png
347,Kaos,Canina,MESTIZO,Macho,S,2015-01-01T00:00:00,Marrón,Mediano (11-25 kg),/cont/paginas/proteccionanimal/animal/imagen/fb4f50f92edac6bcf1ea8a1d60e2898bc2b98e97ffbbd88d8302b2b6e6bc2512.jpg,Guardería,Disponible,N,941000019020628,ES,020216176,N,S,S,2021-05-20T00:00:00,2021-08-13T10:15:17,,2018-08-01T00:00:00,,,Bueno,,,,https://www.zaragoza.es/cont/paginas/proteccionanimal/animal/imagen/fb4f50f92edac6bcf1ea8a1d60e2898bc2b98e97ffbbd88d8302b2b6e6bc2512.jpg
350,TRIANA,Canina,MESTIZO,Hembra,S,2018-01-07T00:00:00,Blanco y atigrado,Mediano (11-25 kg),/cont/paginas/proteccionanimal/animal/imagen/triana.jpg,CMPA,Disponible,N,941000023477098,,020281295,S,S,S,2021-05-20T00:00:00,2021-08-18T09:43:42,,2019-01-02T00:00:00,,,Bueno,,,,https://www.zaragoza.es/cont/paginas/proteccionanimal/animal/imagen/triana.jpg
371,Nala,Canina,MESTIZO,Hembra,S,2017-03-05T00:00:00,Atigrado,Grande (26-44 kg),/cont/paginas/proteccionanimal/animal/imagen/nala.png,Guardería,Disponible,N,941000021452929,ES,020246162,S,S,S,2021-05-20T00:00:00,2021-08-24T08:05:35,,2018-08-19T00:00:00,,,Bueno,,,,https://www.zaragoza.es/cont/paginas/proteccionanimal/animal/imagen/nala.png
461,LONDRES,Canina,MESTIZO,Macho,S,2017-07-20T00:00:00,Canela,Mediano (11-25 kg),/cont/paginas/proteccionanimal/animal/imagen/20180716_122110-min.jpg,Guardería,Disponible,N,941000022909261,ES,020270512,N,S,S,2021-05-20T00:00:00,2021-08-13T11:52:46,,2018-08-19T00:00:00,,,Bueno,,,,https://www.zaragoza.es/cont/paginas/proteccionanimal/animal/imagen/20180716_122110-min.jpg
467,JUNIOR,Canina,MESTIZO,Macho,S,2018-09-01T00:00:00,Marrón,Mediano (11-25 kg),/cont/paginas/proteccionanimal/animal/imagen/JUNIOR.jpg,Guardería,Disponible,N,941000023690350,ES,020282633,S,S,S,2021-05-20T00:00:00,2021-08-13T13:14:29,,2019-02-07T00:00:00,,,Bueno,,,,https://www.zaragoza.es/cont/paginas/proteccionanimal/animal/imagen/JUNIOR.jpg
470,HODOR,Canina,MESTIZO,Macho,S,2015-07-05T00:00:00,Atigrado,Gigante (> 45 Kg),/cont/paginas/proteccionanimal/animal/imagen/HODOR.jpg,Guardería,Disponible,N,941000019280381,ES,020221750,S,S,S,2021-05-20T00:00:00,2021-08-13T15:05:19,,2018-08-08T00:00:00,,,Bueno,,,,https://www.zaragoza.es/cont/paginas/proteccionanimal/animal/imagen/HODOR.jpg
500,ATHOS,Canina,AMERICAN STAFFORDSHIRE TERRIER,Macho,S,2017-02-05T00:00:00,,Grande (26-44 kg),/cont/paginas/proteccionanimal/animal/imagen/athos1.jpeg,Guardería,Disponible,N,941000023269042,ES,020277996,N,S,S,2021-05-20T00:00:00,2021-08-13T13:04:57,,2018-10-23T00:00:00,,,Bueno,,,,https://www.zaragoza.es/cont/paginas/proteccionanimal/animal/imagen/athos1.jpeg
543,THOR,Canina,PITBULL,Macho,S,2014-11-25T00:00:00,Blanco y negro,Mediano (11-25 kg),/cont/paginas/proteccionanimal/animal/imagen/thor-min (1).jpg,Guardería,Disponible,S,981098106019180,ES,020181354,S,S,S,2021-05-20T00:00:00,2021-06-02T13:15:16,,2018-03-01T00:00:00,,,Bueno,,,,https://www.zaragoza.es/cont/paginas/proteccionanimal/animal/imagen/thor-min (1).jpg
572,CONGUITO,Canina,AMERICAN STAFFORDSHIRE TERRIER,Macho,S,2017-09-20T00:00:00,Blanco y negro,Grande (26-44 kg),/cont/paginas/proteccionanimal/animal/imagen/20180924_101331.jpg,Guardería,Disponible,N,941000023110864,ES,020276570,N,S,S,2021-05-20T00:00:00,2021-06-02T13:16:29,,2018-09-24T00:00:00,,,Bueno,,,,https://www.zaragoza.es/cont/paginas/proteccionanimal/animal/imagen/20180924_101331.jpg
1152,ISIS,Canina,PITBULL,Hembra,S,2017-05-15T00:00:00,Atigrado,Grande (26-44 kg),/cont/paginas/proteccionanimal/animal/imagen/ISIS.jpg,CMPA,Disponible,N,941000023950660,ES,020288399,S,S,S,2021-05-20T00:00:00,2021-08-18T11:27:57,,0019-05-14T23:00:00,,,,,,,https://www.zaragoza.es/cont/paginas/proteccionanimal/animal/imagen/ISIS.jpg
1182,THAIS,Canina,MESTIZO,Hembra,S,2017-04-01T00:00:00,Marrón,Mediano (11-25 kg),/cont/paginas/proteccionanimal/animal/imagen/thais.jpg,Guardería,Disponible,S,981098106585313,ES,020247697,S,S,S,2021-05-20T00:00:00,2021-06-02T13:53:44,,2021-03-08T00:00:00,En el CMPA,2021-05-01T00:00:00,Bueno,,,,https://www.zaragoza.es/cont/paginas/proteccionanimal/animal/imagen/thais.jpg
1194,COCO,Canina,MESTIZO,Macho,S,2018-06-14T00:00:00,Blanco,Mediano (11-25 kg),/cont/paginas/proteccionanimal/animal/imagen/1194_1663743412031.png,CMPA,Disponible,N,941000023950559,ES,020288376,S,S,S,2021-05-20T00:00:00,2022-09-21T08:56:52,,2022-08-23T00:00:00,,,Bueno,,,,https://www.zaragoza.es/cont/paginas/proteccionanimal/animal/imagen/1194_1663743412031.png
1203,PEÑITA (ACOGIDA),Felina,COMÚN EUROPEO,Hembra,N,2017-06-25T00:00:00,Atigrado,Pequeño (< 10 Kg),/cont/paginas/proteccionanimal/animal/imagen/pena.jpg,Casa de Acogida,Disponible,N,941000024072126,,,N,N,S,2021-05-20T00:00:00,2022-04-11T09:50:51,AR0016470,,,,,,,,https://www.zaragoza.es/cont/paginas/proteccionanimal/animal/imagen/pena.jpg
1207,SIMONA,Canina,MESTIZO,Hembra,S,2018-12-05T00:00:00,Blanco,Mediano (11-25 kg),/cont/paginas/proteccionanimal/animal/imagen/SIMONABIS.jpg,Guardería,Disponible,S,941000024072122,ES,020294261,S,S,S,2021-05-20T00:00:00,2021-06-02T13:33:05,,2020-07-15T00:00:00,En el CMPA,2021-05-01T00:00:00,Bueno,,,,https://www.zaragoza.es/cont/paginas/proteccionanimal/animal/imagen/SIMONABIS.jpg
1208,Martinete,Canina,MESTIZO,Macho,S,2017-02-11T00:00:00,Blanco y negro,Mediano (11-25 kg),/cont/paginas/proteccionanimal/animal/imagen/07557 Martin.jpg,Guardería,Disponible,N,941000021934438,ES,020254664,N,S,S,2021-05-20T00:00:00,2022-07-14T13:40:56,,2018-09-25T00:00:00,,,Bueno,,,,https://www.zaragoza.es/cont/paginas/proteccionanimal/animal/imagen/07557 Martin.jpg
1220,NANUK,Canina,MESTIZO,Hembra,S,2018-12-05T00:00:00,Blanco y negro,Grande (26-44 kg),/cont/paginas/proteccionanimal/animal/imagen/NANUK.jpg,CMPA,Disponible,S,941000024072125,ES,020294259,S,S,S,2021-05-20T00:00:00,2022-07-15T11:53:13,,,,,,,,,https://www.zaragoza.es/cont/paginas/proteccionanimal/animal/imagen/NANUK.jpg
1221,IRENE,Canina,MESTIZO,Hembra,S,2018-12-05T00:00:00,Blanco y negro,Grande (26-44 kg),/cont/paginas/proteccionanimal/animal/imagen/IRENE.jpg,Guardería,Disponible,S,941000024072124,ES,020294256,S,S,S,2021-05-20T00:00:00,2021-06-02T13:41:37,,2020-07-15T00:00:00,,,Bueno,,,,https://www.zaragoza.es/cont/paginas/proteccionanimal/animal/imagen/IRENE.jpg
1226,ARCOMAX,Canina,GRAN DANÉS,Macho,S,2014-04-01T00:00:00,Blanco,Grande (26-44 kg),/cont/paginas/proteccionanimal/animal/imagen/arcomax.jpg,CMPA,Disponible,S,941000016500208,ES,020294221,N,S,S,2021-05-20T00:00:00,2022-11-09T13:32:51,,,,,,,,,https://www.zaragoza.es/cont/paginas/proteccionanimal/animal/imagen/arcomax.jpg
1246,SANTO,Canina,MESTIZO,Macho,S,2018-12-05T00:00:00,Blanco y atigrado,Grande (26-44 kg),/cont/paginas/proteccionanimal/animal/imagen/SANTOBIS.jpg,CMPA,Disponible,S,941000024072201,ES,020294257,S,S,S,2021-05-20T00:00:00,2021-08-18T11:02:33,,,,,,,,,https://www.zaragoza.es/cont/paginas/proteccionanimal/animal/imagen/SANTOBIS.jpg
1257,STILES,Canina,AMERICAN STAFFORDSHIRE TERRIER,Macho,S,2016-04-04T00:00:00,Atigrado,Mediano (11-25 kg),/cont/paginas/proteccionanimal/animal/imagen/a466eefa414b7c86a4dd73aa6199b3d4acc936cea22fd73b35957d6a97a22b39.jpg,CMPA,Disponible,N,941000022909210,ES,020270518,N,S,S,2021-05-20T00:00:00,2021-08-17T13:12:48,,2018-08-19T00:00:00,,,Bueno,,,,https://www.zaragoza.es/cont/paginas/proteccionanimal/animal/imagen/a466eefa414b7c86a4dd73aa6199b3d4acc936cea22fd73b35957d6a97a22b39.jpg
742,YERRY,Canina,MESTIZO,Macho,S,2018-12-05T00:00:00,Blanco y marrón,Grande (26-44 kg),/cont/paginas/proteccionanimal/animal/imagen/yerry.png,CMPA,Disponible,S,941000024072202,ES,020294264,S,S,S,2021-05-20T00:00:00,2021-08-19T11:45:34,,,,,,,,,https://www.zaragoza.es/cont/paginas/proteccionanimal/animal/imagen/yerry.png
750,FLECHA,Canina,MESTIZO,Hembra,S,2018-07-25T00:00:00,Blanco,Mediano (11-25 kg),/cont/paginas/proteccionanimal/animal/imagen/flecha.jpg,CMPA,Disponible,N,941000024072429,ES,020294220,N,S,S,2021-05-20T00:00:00,2021-05-20T00:00:00,,,,,,,,,https://www.zaragoza.es/cont/paginas/proteccionanimal/animal/imagen/flecha.jpg
757,LUNA (ACOGIDA),Felina,COMÚN EUROPEO,Hembra,N,2013-03-27T00:00:00,Tricolor,Pequeño (< 10 Kg),/cont/paginas/proteccionanimal/animal/imagen/Luna 8663.jpg,Casa de Acogida,Disponible,S,941000023690272,,,N,S,S,2021-05-20T00:00:00,2022-04-11T09:59:32,,,,,,,,,https://www.zaragoza.es/cont/paginas/proteccionanimal/animal/imagen/Luna 8663.jpg
797,PASTRIZ,Canina,MESTIZO,Macho,S,2016-03-23T00:00:00,Blanco y atigrado,Grande (26-44 kg),/cont/paginas/proteccionanimal/animal/imagen/pastriz.jpg,CMPA,Disponible,N,941000021935948,ES,020253622,N,S,S,2021-05-20T00:00:00,2021-08-18T08:55:51,,2018-08-14T00:00:00,,,Bueno,,,,https://www.zaragoza.es/cont/paginas/proteccionanimal/animal/imagen/pastriz.jpg
801,VINNI,Canina,MESTIZO,Macho,S,2017-11-30T00:00:00,Atigrado,Mediano (11-25 kg),/cont/paginas/proteccionanimal/animal/imagen/vinni.jpeg,Guardería,Disponible,N,941000022909764,ES,020266879,S,S,S,2021-05-20T00:00:00,2021-08-13T11:36:41,,2018-08-18T00:00:00,,,Bueno,,,,https://www.zaragoza.es/cont/paginas/proteccionanimal/animal/imagen/vinni.jpeg
825,CHIPIRON,Canina,MESTIZO,Macho,S,2017-04-04T00:00:00,Blanco y canela,Mediano (11-25 kg),/cont/paginas/proteccionanimal/animal/imagen/11ea22a7fa92c492988c03468ed3d28fc4517d5a35b8e27cd785f1f91d723211.jpg,Guardería,Disponible,N,941000023111492,ES,020271258,N,S,S,2021-05-20T00:00:00,2021-08-13T12:17:32,,2018-08-18T00:00:00,,,Bueno,"<p>Perro muy tranquilo y amigable de tamaño mediano. Ven a conocerlo.</p>
",,,https://www.zaragoza.es/cont/paginas/proteccionanimal/animal/imagen/11ea22a7fa92c492988c03468ed3d28fc4517d5a35b8e27cd785f1f91d723211.jpg
875,CACHIRULO,Canina,AMERICAN STAFFORDSHIRE TERRIER,Macho,S,2017-10-20T00:00:00,Blanco y negro,Mediano (11-25 kg),/cont/paginas/proteccionanimal/animal/imagen/cachirulo.png,Guardería,Disponible,N,941000023269089,ES,020276576,S,S,S,2021-05-20T00:00:00,2021-08-18T08:52:06,,0018-10-23T00:00:00,,,Bueno,,,,https://www.zaragoza.es/cont/paginas/proteccionanimal/animal/imagen/cachirulo.png
905,JUNE ,Canina,PITBULL,Hembra,S,2016-11-14T00:00:00,Blanco y marrón,Mediano (11-25 kg),/cont/paginas/proteccionanimal/animal/imagen/_20180522_141954.jpg,Guardería,Disponible,N,941000022564705,ES,020265955,S,S,S,2021-05-20T00:00:00,2021-09-23T08:28:52,,2018-05-18T00:00:00,,,Bueno,,,,https://www.zaragoza.es/cont/paginas/proteccionanimal/animal/imagen/_20180522_141954.jpg
924,AKASHA,Canina,PITBULL,Hembra,S,2012-12-04T00:00:00,Atigrado,Mediano (11-25 kg),/cont/paginas/proteccionanimal/animal/imagen/AKASHA111.jpg,CMPA,Disponible,S,941000014742131,ES,020254877,S,S,S,2021-05-20T00:00:00,2021-08-18T08:51:40,,2018-06-15T00:00:00,,,Bueno,,,,https://www.zaragoza.es/cont/paginas/proteccionanimal/animal/imagen/AKASHA111.jpg
1004,CHEEWACCA,Canina,MESTIZO,Macho,S,2018-12-05T00:00:00,Blanco y atigrado,Grande (26-44 kg),/cont/paginas/proteccionanimal/animal/imagen/CHEEWACCAS.jpg,CMPA,Disponible,S,941000024072111,ES,020294258,S,S,S,2021-05-20T00:00:00,2021-08-18T11:18:22,,,,,,,,,https://www.zaragoza.es/cont/paginas/proteccionanimal/animal/imagen/CHEEWACCAS.jpg
1012,TORETE,Canina,PITBULL,Macho,S,2017-08-05T00:00:00,Negro,Mediano (11-25 kg),/cont/paginas/proteccionanimal/animal/imagen/TORETE11.jpg,Guardería,Disponible,N,941000024072549,ES,020294205,S,S,S,2021-05-20T00:00:00,2021-08-12T10:13:39,,2019-08-05T00:00:00,,,Bueno,,,,https://www.zaragoza.es/cont/paginas/proteccionanimal/animal/imagen/TORETE11.jpg
1023,MAMI,Canina,MESTIZO,Hembra,S,2014-08-15T00:00:00,Blanco y negro,Mediano (11-25 kg),/cont/paginas/proteccionanimal/animal/imagen/IMG_20190816_094400004.jpg,Guardería,Disponible,N,941000024306258,,,N,S,S,2021-05-20T00:00:00,2021-11-25T10:19:48,,,,,,,,,https://www.zaragoza.es/cont/paginas/proteccionanimal/animal/imagen/IMG_20190816_094400004.jpg
1051,AIDEN,Canina,AMERICAN STAFFORDSHIRE TERRIER,Macho,S,2015-08-05T00:00:00,Atigrado,Mediano (11-25 kg),/cont/paginas/proteccionanimal/animal/imagen/Aiden 7778.jpg,CMPA,Disponible,N,941000022288539,ES,020259917,N,S,S,2021-05-20T00:00:00,2021-08-18T09:25:56,,2018-03-08T00:00:00,,,Bueno,,,,https://www.zaragoza.es/cont/paginas/proteccionanimal/animal/imagen/Aiden 7778.jpg
1050,GAIA,Canina,AMERICAN STAFFORDSHIRE TERRIER,Hembra,S,2015-08-05T00:00:00,Marrón,Mediano (11-25 kg),/cont/paginas/proteccionanimal/animal/imagen/Gaia 7777.jpg,CMPA,Disponible,N,941000022288538,ES,020259917,N,S,S,2021-05-20T00:00:00,2021-08-18T09:06:18,,2018-03-08T00:00:00,,,Bueno,,,,https://www.zaragoza.es/cont/paginas/proteccionanimal/animal/imagen/Gaia 7777.jpg
1109,DUQUE,Canina,PITBULL,Macho,S,2014-10-05T00:00:00,Atigrado,Mediano (11-25 kg),/cont/paginas/proteccionanimal/animal/imagen/DUQUE1.jpg,Guardería,Disponible,S,941000017285085,,,N,S,S,2021-05-20T00:00:00,2021-08-13T13:16:10,,2016-09-14T00:00:00,,,,,,,https://www.zaragoza.es/cont/paginas/proteccionanimal/animal/imagen/DUQUE1.jpg
1763,Panacota ,Felina,COMÚN EUROPEO,Hembra,N,2019-09-10T00:00:00,,Pequeño (< 10 Kg),/cont/paginas/proteccionanimal/animal/imagen/PANACOTA.jpg,Parque,Disponible,N,941000024938732,,,N,S,S,2021-05-20T00:00:00,2021-08-25T15:21:06,AR0021717,,,,,,,,https://www.zaragoza.es/cont/paginas/proteccionanimal/animal/imagen/PANACOTA.jpg
1850,CAMPERO,Canina,MESTIZO,Macho,S,2018-11-25T00:00:00,Blanco y negro,Mediano (11-25 kg),/cont/paginas/proteccionanimal/animal/imagen/CAMPERO.jpg,Guardería,Disponible,N,941000024717775,ES,020305164,N,S,N,2021-05-20T00:00:00,2021-08-12T10:47:08,,2022-08-18T00:00:00,,,Bueno,,,,https://www.zaragoza.es/cont/paginas/proteccionanimal/animal/imagen/CAMPERO.jpg
1853,CAROL,Canina,MESTIZO,Hembra,S,2017-03-01T00:00:00,Blanco,Mediano (11-25 kg),/cont/paginas/proteccionanimal/animal/imagen/CAROL.jpeg,Guardería,Disponible,S,941000023475552,ES,020285469,N,S,S,2021-05-20T00:00:00,2021-08-12T11:54:31,,2021-03-20T00:00:00,En el CMPA,2021-05-20T00:00:00,Bueno,,,,https://www.zaragoza.es/cont/paginas/proteccionanimal/animal/imagen/CAROL.jpeg
1861,SASA,Canina,PITBULL,Hembra,S,2015-12-15T00:00:00,,Mediano (11-25 kg),/cont/paginas/proteccionanimal/animal/imagen/SASA.jpg,Guardería,Disponible,S,981098106291915,ES,020309758,S,S,S,2021-05-20T00:00:00,2022-07-27T12:41:58,,2022-08-18T00:00:00,En el CMPA,2021-05-20T00:00:00,Bueno,,,,https://www.zaragoza.es/cont/paginas/proteccionanimal/animal/imagen/SASA.jpg
1862,VAQUILLA ,Canina,MESTIZO,Hembra,S,2017-08-26T00:00:00,Marrón,Mediano (11-25 kg),/cont/paginas/proteccionanimal/animal/imagen/VAQUILLA11.jpg,CMPA,Disponible,N,941000024306028,ES,020295954,S,S,N,2021-05-20T00:00:00,2021-08-18T10:38:36,,2019-08-26T00:00:00,,,Bueno,,,,https://www.zaragoza.es/cont/paginas/proteccionanimal/animal/imagen/VAQUILLA11.jpg
1282,Libra,Canina,MESTIZO,Hembra,S,2016-09-01T00:00:00,Atigrado,Mediano (11-25 kg),/cont/paginas/proteccionanimal/animal/imagen/10652a18b4c84561eab86831c1b01a201dd4be7f7802b52e9a2cb14684b028e1.jpg,CMPA,Disponible,N,941000021934444,ES,020253613,N,S,S,2021-05-20T00:00:00,2021-08-18T08:47:07,,2018-08-01T00:00:00,,,Bueno,,,,https://www.zaragoza.es/cont/paginas/proteccionanimal/animal/imagen/10652a18b4c84561eab86831c1b01a201dd4be7f7802b52e9a2cb14684b028e1.jpg
1332,TIGRA,Canina,AMERICAN STAFFORDSHIRE TERRIER,Hembra,S,2015-03-26T00:00:00,Blanco y atigrado,Mediano (11-25 kg),/cont/paginas/proteccionanimal/animal/imagen/b02f2e2adce70759a7f05c263e957b0080d41dc7aa1000afaf0ec423be6ae01d.jpg,Guardería,Disponible,N,941000022909751,ES,020266891,N,S,S,2021-05-20T00:00:00,2021-08-13T11:45:35,,2018-06-30T00:00:00,,,Bueno,,,,https://www.zaragoza.es/cont/paginas/proteccionanimal/animal/imagen/b02f2e2adce70759a7f05c263e957b0080d41dc7aa1000afaf0ec423be6ae01d.jpg
1338,FRIDA,Canina,MESTIZO,Hembra,S,2018-04-17T00:00:00,Blanco y marrón,Mediano (11-25 kg),/cont/paginas/proteccionanimal/animal/imagen/c1847c9c4bd7ff49b34511ef71e7069cb470fadc0181787cacbb2ba776381084.jpg,CMPA,Disponible,N,941000023110767,ES,020276560,S,S,S,2021-05-20T00:00:00,2022-11-19T10:50:13,,2018-09-19T00:00:00,,,Bueno,,,,https://www.zaragoza.es/cont/paginas/proteccionanimal/animal/imagen/c1847c9c4bd7ff49b34511ef71e7069cb470fadc0181787cacbb2ba776381084.jpg
1346,DJANGO,Canina,PITBULL,Macho,S,2019-04-11T00:00:00,Blanco y marrón,Mediano (11-25 kg),/cont/paginas/proteccionanimal/animal/imagen/DJANGO.jpg,Guardería,Disponible,S,981098106920700,ES,020302388,N,S,S,2021-05-20T00:00:00,2022-03-16T07:51:54,,2020-08-26T00:00:00,En el hospital,2022-03-15T00:00:00,Bueno,,,,https://www.zaragoza.es/cont/paginas/proteccionanimal/animal/imagen/DJANGO.jpg
1372,TORNILLO,Felina,COMÚN EUROPEO,Macho,N,2018-02-10T00:00:00,Blanco y canela,Pequeño (< 10 Kg),/cont/paginas/proteccionanimal/animal/imagen/tornillo.png,Casa de Acogida,Disponible,N,,,,N,N,S,2021-05-20T00:00:00,2022-01-19T07:44:54,AR0019321,,,,Bueno,,,,https://www.zaragoza.es/cont/paginas/proteccionanimal/animal/imagen/tornillo.png
1430,CONAN,Canina,MESTIZO,Macho,S,2016-06-22T00:00:00,Negro y fuego,Mediano (11-25 kg),/cont/paginas/proteccionanimal/animal/imagen/CONAN.jpg,CMPA,Disponible,S,941000019062376,ES,020220558,N,N,S,2021-05-20T00:00:00,2021-05-20T00:00:00,,2016-06-22T00:00:00,,,,,,,https://www.zaragoza.es/cont/paginas/proteccionanimal/animal/imagen/CONAN.jpg
1432,Rafa,Canina,MESTIZO,Macho,S,2013-06-15T00:00:00,Atigrado,Mediano (11-25 kg),/cont/paginas/proteccionanimal/animal/imagen/IMG_20171222_132212.jpg,CMPA,Disponible,N,941000021934480,ES,020254658,N,S,S,2021-05-20T00:00:00,2021-08-17T13:28:37,,2018-06-13T00:00:00,,,Bueno,"<p>Rafa es un ppp de tamaño mediano-pequeño que ya está castrado. Es un perro tranquilo y que convive perfectamente con otros animales. ¡Anímate a conocerlo!</p>
",,,https://www.zaragoza.es/cont/paginas/proteccionanimal/animal/imagen/IMG_20171222_132212.jpg
1468,LOKI ,Canina,MESTIZO,Macho,S,2016-02-04T00:00:00,Atigrado,Mediano (11-25 kg),/cont/paginas/proteccionanimal/animal/imagen/loki.jpg,CMPA,Disponible,N,941000019280401,ES,020221744,N,S,S,2021-05-20T00:00:00,2021-08-17T13:38:27,,2018-08-14T00:00:00,,,Bueno,"<p>Loki es un perro joven y precioso, activo y sociable con la gente. Lleva en el centro desde que era un cachorro. Está ya esterilizado y a la espera de encontrar la familia que se merece. Para adoptar a Loki es necesaria la Licencia para la Tenencia de Animales Potencialmente Peligrosos.</p>
",,,https://www.zaragoza.es/cont/paginas/proteccionanimal/animal/imagen/loki.jpg
1484,hojaldre,Felina,COMÚN EUROPEO,Macho,N,2019-09-10T00:00:00,,Pequeño (< 10 Kg),/cont/paginas/proteccionanimal/animal/imagen/HOJALDRE.jpg,Parque,Disponible,N,941000024718120,,,N,S,S,2021-05-20T00:00:00,2021-08-25T15:20:10,AR0017872,,,,,,,,https://www.zaragoza.es/cont/paginas/proteccionanimal/animal/imagen/HOJALDRE.jpg
1493,ROSCA,Felina,COMÚN EUROPEO,Hembra,N,2018-02-10T00:00:00,Negro,Pequeño (< 10 Kg),/cont/paginas/proteccionanimal/animal/imagen/ROSCA (2).jpg,Casa de Acogida,Disponible,N,,,,N,N,S,2021-05-20T00:00:00,2021-05-27T00:00:00,AR0019320,,,,,,,,https://www.zaragoza.es/cont/paginas/proteccionanimal/animal/imagen/ROSCA (2).jpg
1568,DEMO,Canina,AMERICAN STAFFORDSHIRE TERRIER,Macho,S,2016-07-25T00:00:00,Marrón,Grande (26-44 kg),/cont/paginas/proteccionanimal/animal/imagen/DEMO.jpg,Guardería,Disponible,S,941000018702656,ES,020301530,N,S,S,2021-05-20T00:00:00,2021-06-02T13:48:47,,,,,Bueno,,,,https://www.zaragoza.es/cont/paginas/proteccionanimal/animal/imagen/DEMO.jpg
1573,LINA,Canina,MESTIZO,Hembra,S,2018-02-27T00:00:00,Blanco,Mediano (11-25 kg),/cont/paginas/proteccionanimal/animal/imagen/LINA.jpg,CMPA,Disponible,N,941000024938713,ES,020307582,N,S,S,2021-05-20T00:00:00,2021-08-18T14:36:28,,,,,,,,,https://www.zaragoza.es/cont/paginas/proteccionanimal/animal/imagen/LINA.jpg
1605,CHULO,Canina,AMERICAN STAFFORDSHIRE TERRIER,Macho,S,2018-02-07T00:00:00,Marrón,Grande (26-44 kg),/cont/paginas/proteccionanimal/animal/imagen/chulo.png,Guardería,Disponible,N,941000024408531,ES,020300446,S,S,S,2021-05-20T00:00:00,2021-08-12T10:46:04,,2022-08-18T00:00:00,En el CMPA,,Bueno,,,,https://www.zaragoza.es/cont/paginas/proteccionanimal/animal/imagen/chulo.png
1610,HYDRA,Canina,MESTIZO,Hembra,S,2019-09-10T00:00:00,,Mediano (11-25 kg),/cont/paginas/proteccionanimal/animal/imagen/hydra.png,Guardería,Disponible,N,941000025377346,ES,020310106,S,S,S,2021-05-20T00:00:00,2022-06-28T09:33:35,,2020-05-13T00:00:00,,,Bueno,,,,https://www.zaragoza.es/cont/paginas/proteccionanimal/animal/imagen/hydra.png
1633,TICK,Canina,AMERICAN STAFFORDSHIRE TERRIER,Macho,S,2018-01-12T00:00:00,Blanco y negro,Grande (26-44 kg),/cont/paginas/proteccionanimal/animal/imagen/IMG_3606-2.jpg,CMPA,Disponible,N,,,,N,S,S,2021-05-20T00:00:00,2021-08-18T14:42:37,,,,,,,,,https://www.zaragoza.es/cont/paginas/proteccionanimal/animal/imagen/IMG_3606-2.jpg
1673,MANTECON,Canina,MESTIZO,Macho,S,2018-02-02T00:00:00,Atigrado,Grande (26-44 kg),/cont/paginas/proteccionanimal/animal/imagen/PEDALES.jpg,Guardería,Disponible,S,945000006114535,ES,020328332,N,S,S,2021-05-20T00:00:00,2022-06-24T13:55:19,,,,,,,,,https://www.zaragoza.es/cont/paginas/proteccionanimal/animal/imagen/PEDALES.jpg
89,NORA,Canina,MESTIZO,Hembra,S,2017-10-23T00:00:00,Marrón,Mediano (11-25 kg),/cont/paginas/proteccionanimal/animal/imagen/NORA.JPG,Guardería,Disponible,N,941000022909776,ES,020266885,N,S,S,2021-05-20T00:00:00,2021-08-13T11:32:53,,2018-06-13T00:00:00,,,Bueno,,,,https://www.zaragoza.es/cont/paginas/proteccionanimal/animal/imagen/NORA.JPG
92,Ara,Canina,MESTIZO,Hembra,S,2015-11-08T00:00:00,Atigrado,Mediano (11-25 kg),/cont/paginas/proteccionanimal/animal/imagen/ara.png,Guardería,Disponible,N,941000021934486,ES,020254881,N,S,S,2021-05-20T00:00:00,2021-08-24T09:56:56,,2018-02-15T00:00:00,,,Bueno,,,,https://www.zaragoza.es/cont/paginas/proteccionanimal/animal/imagen/ara.png
113,SANSA,Canina,MESTIZO,Hembra,S,2017-02-08T00:00:00,Blanco y marrón,Mediano (11-25 kg),/cont/paginas/proteccionanimal/animal/imagen/SANSA.jpg,Guardería,Disponible,N,941000022287872,ES,020264116,S,S,S,2021-05-20T00:00:00,2022-02-10T10:49:43,,2018-03-22T00:00:00,,,Por determinar,,,,https://www.zaragoza.es/cont/paginas/proteccionanimal/animal/imagen/SANSA.jpg
163,LUKI,Canina,AMERICAN STAFFORDSHIRE TERRIER,Macho,S,2016-11-27T00:00:00,Blanco y canela,Mediano (11-25 kg),/cont/paginas/proteccionanimal/animal/imagen/_20180319_121825.jpg,Guardería,Disponible,S,941000017742864,ES,020265248,S,S,S,2021-05-20T00:00:00,2021-08-13T11:24:57,,2018-08-19T00:00:00,,,Bueno,,,,https://www.zaragoza.es/cont/paginas/proteccionanimal/animal/imagen/_20180319_121825.jpg
26,Lola,Canina,MESTIZO,Hembra,S,2015-08-01T00:00:00,Chocolate,Mediano (11-25 kg),/cont/paginas/proteccionanimal/animal/imagen/LOLA.jpg,Guardería,Disponible,N,941000018747690,ES,020209839,N,S,S,2021-05-20T00:00:00,2021-08-13T09:55:03,,2016-01-28T00:00:00,,,Bueno,,,,https://www.zaragoza.es/cont/paginas/proteccionanimal/animal/imagen/LOLA.jpg
29,Golf,Canina,MESTIZO,Macho,S,2014-11-08T00:00:00,Blanco y marrón,Mediano (11-25 kg),/cont/paginas/proteccionanimal/animal/imagen/05662 Golf.jpg,Guardería,Disponible,N,941000018459836,ES,020200849,N,S,S,2021-05-20T00:00:00,2021-08-13T10:07:23,,2015-11-16T00:00:00,,,Bueno,,,,https://www.zaragoza.es/cont/paginas/proteccionanimal/animal/imagen/05662 Golf.jpg
30,Who,Canina,MESTIZO,Macho,S,2013-04-05T00:00:00,Blanco y negro,Mediano (11-25 kg),/cont/paginas/proteccionanimal/animal/imagen/04982 Who.jpg,Guardería,Disponible,N,941000017677451,ES,020187100,N,S,S,2021-05-20T00:00:00,2021-08-13T11:03:22,,2015-05-16T00:00:00,,,Bueno,,,,https://www.zaragoza.es/cont/paginas/proteccionanimal/animal/imagen/04982 Who.jpg
39,BROWN,Canina,MESTIZO,Macho,S,2013-06-17T00:00:00,Marrón,Mediano (11-25 kg),/cont/paginas/proteccionanimal/animal/imagen/braum2.jpg,Guardería,Disponible,N,941000017300320,ES,020189733,N,S,S,2021-05-20T00:00:00,2021-08-12T13:00:17,,2015-04-29T00:00:00,,,Bueno,,,,https://www.zaragoza.es/cont/paginas/proteccionanimal/animal/imagen/braum2.jpg
43,Maribel,Canina,MESTIZO,Hembra,S,2014-05-26T00:00:00,Blanco y negro,Mediano (11-25 kg),/cont/paginas/proteccionanimal/animal/imagen/MARIBEL11.jpg,Guardería,Disponible,N,941000017300182,ES,020189732,N,S,S,2021-05-20T00:00:00,2021-08-12T13:04:47,,2015-04-28T00:00:00,,,Bueno,,,,https://www.zaragoza.es/cont/paginas/proteccionanimal/animal/imagen/MARIBEL11.jpg
54,ASIDON ,Canina,MESTIZO,Macho,S,2012-07-08T00:00:00,Atigrado,Grande (26-44 kg),/cont/paginas/proteccionanimal/animal/imagen/ASIDON11.jpg,CMPA,Disponible,S,941000016656431,ES,020163332,S,S,S,2021-05-20T00:00:00,2021-08-17T13:58:59,,2014-09-16T00:00:00,,,Bueno,,,,https://www.zaragoza.es/cont/paginas/proteccionanimal/animal/imagen/ASIDON11.jpg
56,Francisco,Canina,MESTIZO,Macho,S,2014-06-22T00:00:00,Blanco,Grande (26-44 kg),/cont/paginas/proteccionanimal/animal/imagen/francisco.png,Guardería,Disponible,N,941000017300339,ES,020189736,N,S,S,2021-05-20T00:00:00,2021-08-13T07:39:09,,2015-04-29T00:00:00,,,Bueno,,,,https://www.zaragoza.es/cont/paginas/proteccionanimal/animal/imagen/francisco.png
59,Pipol,Canina,MESTIZO,Macho,S,2012-09-25T00:00:00,Blanco y marrón,Mediano (11-25 kg),/cont/paginas/proteccionanimal/animal/imagen/05568 Pipol.jpg,Guardería,Disponible,N,941000018459775,ES,020200847,N,S,S,2021-05-20T00:00:00,2021-08-13T10:00:42,,2015-11-20T00:00:00,En el CMPA,,Bueno,,,,https://www.zaragoza.es/cont/paginas/proteccionanimal/animal/imagen/05568 Pipol.jpg
3452,MAPI,Canina,AMERICAN STAFFORDSHIRE TERRIER,Hembra,S,2019-07-20T00:00:00,Atigrado,Mediano (11-25 kg),/cont/paginas/proteccionanimal/animal/imagen/mapi.png,Guardería,Disponible,N,941000026518662,ES,020342695,N,N,S,2021-07-20T13:18:00,2022-02-07T09:32:25,,2021-07-20T00:00:00,,,,,,,https://www.zaragoza.es/cont/paginas/proteccionanimal/animal/imagen/mapi.png
3423,JODIE,Felina,COMÚN EUROPEO,Hembra,N,2019-07-08T00:00:00,Tricolor,Pequeño (< 10 Kg),,Parque,Disponible,N,941000026627552,,,N,N,S,2021-07-08T11:00:05,2022-02-08T09:13:40,AR0042129,,,,,,,,
3413,JOTA,Canina,AMERICAN STAFFORDSHIRE TERRIER,Macho,S,2020-07-03T00:00:00,Negro,Grande (26-44 kg),/cont/paginas/proteccionanimal/animal/imagen/3413_1663745712035.png,CMPA,Disponible,N,941000026523165,ES,020344785,S,S,S,2021-07-03T09:24:43,2022-09-21T09:35:12,,2021-08-18T00:00:00,En el CMPA,2021-08-18T00:00:00,,,,,https://www.zaragoza.es/cont/paginas/proteccionanimal/animal/imagen/3413_1663745712035.png
3434,JULY,Canina,AMERICAN STAFFORDSHIRE TERRIER,Hembra,S,2019-07-13T00:00:00,Atigrado,,/cont/paginas/proteccionanimal/animal/imagen/july.png,Guardería,Disponible,N,941000026518715,ES,020342678,N,N,N,2021-07-13T12:50:51,2022-07-27T12:51:38,,2021-07-13T00:00:00,,,,,,,https://www.zaragoza.es/cont/paginas/proteccionanimal/animal/imagen/july.png
3536,NORMA,Felina,COMÚN EUROPEO,Hembra,N,2021-04-21T00:00:00,Tricolor,Pequeño (< 10 Kg),,Casa de Acogida,Disponible,N,941000026523178,,,N,N,S,2021-08-23T08:44:30,2022-02-04T09:31:26,AR0044588,,,,,,,,
3401,JURGI,Felina,COMÚN EUROPEO,Macho,N,2021-05-01T00:00:00,Negro,Pequeño (< 10 Kg),/cont/paginas/proteccionanimal/animal/imagen/jurgi.png,Cuarentena,Disponible,N,941000026518734,,,N,N,N,2021-07-01T13:54:24,2022-02-10T09:58:32,AR0042198,,,,,,,,https://www.zaragoza.es/cont/paginas/proteccionanimal/animal/imagen/jurgi.png
3587,ANAKIN,Felina,COMÚN EUROPEO,Macho,N,2019-09-07T00:00:00,Blanco y atigrado,Pequeño (< 10 Kg),/cont/paginas/proteccionanimal/animal/imagen/3587_1663742742302.png,Cuarentena,Disponible,N,945000002441352,,,N,N,S,2021-09-08T10:50:18,2022-09-21T08:45:42,AR0044568,,,,,,,,https://www.zaragoza.es/cont/paginas/proteccionanimal/animal/imagen/3587_1663742742302.png
3350,GORDO,Canina,AMERICAN STAFFORDSHIRE TERRIER,Macho,S,2020-09-07T00:00:00,Blanco y negro,Mediano (11-25 kg),/cont/paginas/proteccionanimal/animal/imagen/GORDO.jpg,Guardería,Disponible,S,985113005301265,ES,020339360,N,S,N,2021-06-24T00:00:00,2022-03-12T09:59:07,,,,,,,,,https://www.zaragoza.es/cont/paginas/proteccionanimal/animal/imagen/GORDO.jpg
3437,Jeinker,Felina,,Macho,N,2021-05-14T00:00:00,Blanco y rojo,,/cont/paginas/proteccionanimal/animal/imagen/3437_1663745659921.png,Cuarentena,Disponible,N,941000026627612,,,N,S,S,2021-07-14T09:57:58,2022-09-21T09:34:19,AR0042202,,En el CMPA,,,,,,https://www.zaragoza.es/cont/paginas/proteccionanimal/animal/imagen/3437_1663745659921.png
3539,ALI,Felina,COMÚN EUROPEO,Hembra,N,2021-06-23T00:00:00,Tricolor,Pequeño (< 10 Kg),/cont/paginas/proteccionanimal/animal/imagen/ali.png,Casa de Acogida,Disponible,N,941000026627894,,,N,N,S,2021-08-23T09:29:43,2022-02-04T09:26:17,AR0044600,,,,,,,,https://www.zaragoza.es/cont/paginas/proteccionanimal/animal/imagen/ali.png
3628,DUKY,Canina,MESTIZO,Macho,N,2015-10-18T00:00:00,Marrón,Grande (26-44 kg),/cont/paginas/proteccionanimal/animal/imagen/duky.png,Guardería,Disponible,S,941000016672992,ES,020148091,N,S,S,2021-10-08T08:20:23,2022-09-06T09:44:05,,2020-05-29T00:00:00,En el CMPA,2022-09-06T00:00:00,,,,,https://www.zaragoza.es/cont/paginas/proteccionanimal/animal/imagen/duky.png
3643,OLIMPIA,Felina,COMÚN EUROPEO,Hembra,N,2021-07-15T00:00:00,Tricolor,Pequeño (< 10 Kg),/cont/paginas/proteccionanimal/animal/imagen/olimpia.png,Cuarentena,Disponible,N,945000002439659,,,N,N,N,2021-10-16T11:25:58,2022-02-02T11:51:55,AR0045445,,,,,,,,https://www.zaragoza.es/cont/paginas/proteccionanimal/animal/imagen/olimpia.png
3385,JAIMITO,Canina,AMERICAN STAFFORDSHIRE TERRIER,Macho,S,2020-01-01T00:00:00,Blanco y marrón,Mediano (11-25 kg),/cont/paginas/proteccionanimal/animal/imagen/javi.png,Guardería,Disponible,N,941000026518806,ES,020339365,S,S,S,2021-06-26T11:58:26,2022-02-12T11:42:01,,2021-06-30T00:00:00,,,,,,,https://www.zaragoza.es/cont/paginas/proteccionanimal/animal/imagen/javi.png
3499,AMANDA,Canina,AMERICAN STAFFORDSHIRE TERRIER,Hembra,S,2018-08-03T00:00:00,Blanco y crema,Mediano (11-25 kg),/cont/paginas/proteccionanimal/animal/imagen/amanda.png,Guardería,Disponible,N,941000026523179,ES,020342653,S,N,S,2021-08-03T13:04:35,2022-02-04T11:28:40,,2021-08-03T00:00:00,,,,,,,https://www.zaragoza.es/cont/paginas/proteccionanimal/animal/imagen/amanda.png
3707,NEDUK,Canina,PITBULL,Macho,S,2020-11-16T00:00:00,Marrón,Mediano (11-25 kg),/cont/paginas/proteccionanimal/animal/imagen/neduk.png,Cuarentena,Disponible,N,985141004089888,ES,020349742,S,N,S,2021-11-16T13:29:53,2022-02-01T13:37:26,,2021-11-16T00:00:00,,,,,,,https://www.zaragoza.es/cont/paginas/proteccionanimal/animal/imagen/neduk.png
3827,LUA,Felina,COMÚN EUROPEO,Macho,N,2021-10-12T00:00:00,Atigrado,Pequeño (< 10 Kg),/cont/paginas/proteccionanimal/animal/imagen/lua_.png,Casa de Acogida,Disponible,N,985141004659519,,,N,N,N,2022-01-12T12:05:46,2022-03-25T08:51:12,AR0048181,,,,,,,,https://www.zaragoza.es/cont/paginas/proteccionanimal/animal/imagen/lua_.png
3876,FABIO,Canina,AMERICAN STAFFORDSHIRE TERRIER,Macho,S,2021-08-07T00:00:00,Marrón,Mediano (11-25 kg),/cont/paginas/proteccionanimal/animal/imagen/fabio.png,Guardería,Disponible,N,985141004659542,ES,020342645,N,N,S,2022-02-07T14:05:40,2022-07-06T12:23:58,,2022-02-07T00:00:00,,,,,,,https://www.zaragoza.es/cont/paginas/proteccionanimal/animal/imagen/fabio.png
3877,REBECA,Canina,AMERICAN STAFFORDSHIRE TERRIER,Hembra,S,,Blanco y crema,Mediano (11-25 kg),/cont/paginas/proteccionanimal/animal/imagen/rebeca1.png,Guardería,Disponible,N,981098108659864,ES,020342634,N,N,S,2022-02-08T13:45:59,2022-07-27T12:40:41,,2022-02-08T00:00:00,,,,,,,https://www.zaragoza.es/cont/paginas/proteccionanimal/animal/imagen/rebeca1.png
3760,DARA,Canina,AMERICAN STAFFORDSHIRE TERRIER,Hembra,S,2020-12-14T00:00:00,Blanco,Grande (26-44 kg),/cont/paginas/proteccionanimal/animal/imagen/dara.png,Guardería,Disponible,N,945000002392746,ES,020344816,N,S,S,2021-12-14T11:53:58,2022-07-27T12:41:02,,2021-12-14T00:00:00,En el hospital,2022-01-25T00:00:00,Bueno,,,,https://www.zaragoza.es/cont/paginas/proteccionanimal/animal/imagen/dara.png
3778,DANO,Canina,MESTIZO,Macho,N,2020-12-16T00:00:00,Atigrado,Grande (26-44 kg),/cont/paginas/proteccionanimal/animal/imagen/3778_1663747839321.png,Guardería,Disponible,N,985141004091682,ES,020355356,N,S,S,2021-12-21T11:00:16,2022-09-21T10:10:39,,2021-12-31T00:00:00,En el CMPA,2022-09-01T00:00:00,,,,,https://www.zaragoza.es/cont/paginas/proteccionanimal/animal/imagen/3778_1663747839321.png
3814,EMMA,Canina,MESTIZO,Hembra,S,2021-01-08T00:00:00,Blanco,Mediano (11-25 kg),/cont/paginas/proteccionanimal/animal/imagen/emma.png,Guardería,Disponible,N,981098108474927,ES,020355361,S,N,S,2022-01-08T13:13:46,2022-01-28T08:51:54,,2021-01-08T00:00:00,,,,,,,https://www.zaragoza.es/cont/paginas/proteccionanimal/animal/imagen/emma.png
3823,LOLA,Canina,AMERICAN STAFFORDSHIRE TERRIER,Hembra,S,2015-12-21T00:00:00,Blanco y crema,,/cont/paginas/proteccionanimal/animal/imagen/lola.png,Guardería,Disponible,S,981098106637804,ES,020259199,S,N,S,2022-01-11T10:31:26,2022-07-27T12:34:34,,2022-01-11T00:00:00,,,,,,,https://www.zaragoza.es/cont/paginas/proteccionanimal/animal/imagen/lola.png
3851,FERNANDO,Felina,COMÚN EUROPEO,Macho,N,2021-07-24T00:00:00,Naranja,Mediano (11-25 kg),/cont/paginas/proteccionanimal/animal/imagen/fernando.png,Casa de Acogida,Disponible,N,985141004659600,,,N,N,N,2022-01-24T11:07:24,2022-09-01T08:50:48,AR0042109,,,,,,,,https://www.zaragoza.es/cont/paginas/proteccionanimal/animal/imagen/fernando.png
3774,ULISES,Canina,MESTIZO,Macho,S,2020-12-17T00:00:00,Blanco y crema,Mediano (11-25 kg),/cont/paginas/proteccionanimal/animal/imagen/ulises.png,Guardería,Disponible,N,945000002392734,ES,020344818,N,N,S,2021-12-17T12:44:49,2022-08-19T10:23:24,,2021-12-17T00:00:00,,,,,,,https://www.zaragoza.es/cont/paginas/proteccionanimal/animal/imagen/ulises.png
3859,EFREN,Canina,AMERICAN STAFFORDSHIRE TERRIER,Macho,S,2021-01-21T00:00:00,Marrón,Grande (26-44 kg),/cont/paginas/proteccionanimal/animal/imagen/efren.png,Cuarentena,Disponible,N,985141004659541,ES,020342643,N,N,S,2022-01-28T11:22:01,2022-02-07T13:31:11,,,,,Agresivo,,,,https://www.zaragoza.es/cont/paginas/proteccionanimal/animal/imagen/efren.png
3708,NEREA,Canina,AMERICAN STAFFORDSHIRE TERRIER,Hembra,S,2019-11-16T00:00:00,Marrón,Mediano (11-25 kg),/cont/paginas/proteccionanimal/animal/imagen/nerea.png,Guardería,Disponible,N,985141004089887,ES,020349743,S,N,S,2021-11-16T13:50:31,2022-09-15T13:13:32,,2021-11-16T00:00:00,,,,,,,https://www.zaragoza.es/cont/paginas/proteccionanimal/animal/imagen/nerea.png
3758,DESIRÉ,Canina,AMERICAN STAFFORDSHIRE TERRIER,Hembra,S,2020-12-14T00:00:00,Marrón,Mediano (11-25 kg),/cont/paginas/proteccionanimal/animal/imagen/desiree.png,Guardería,Disponible,N,945000002392747,ES,020344815,S,N,S,2021-12-14T10:20:25,2022-02-01T09:40:01,,2021-12-14T00:00:00,,,,,,,https://www.zaragoza.es/cont/paginas/proteccionanimal/animal/imagen/desiree.png
3955,LORETO,Felina,COMÚN EUROPEO,Hembra,N,2016-03-22T00:00:00,Negro,Pequeño (< 10 Kg),/cont/paginas/proteccionanimal/animal/imagen/3955_1647944443850.png,Casa de Acogida,Disponible,N,981098108659866,,,N,N,S,2022-03-22T11:20:43,2022-05-31T11:08:28,AR0049410,,,,,,,,https://www.zaragoza.es/cont/paginas/proteccionanimal/animal/imagen/3955_1647944443850.png
4086,MERIDA,Canina,MESTIZO,Hembra,N,2021-01-17T00:00:00,Negro y fuego,Mediano (11-25 kg),/cont/paginas/proteccionanimal/animal/imagen/4086_1663746717930.png,CMPA,Disponible,N,981098108687758,ES,020360761,N,N,S,2022-05-17T13:48:51,2022-09-21T09:51:57,,2022-05-17T00:00:00,,,,,,,https://www.zaragoza.es/cont/paginas/proteccionanimal/animal/imagen/4086_1663746717930.png
4126,MOMU,Felina,COMÚN EUROPEO,Macho,N,2022-05-01T00:00:00,Blanco y negro,Mediano (11-25 kg),/cont/paginas/proteccionanimal/animal/imagen/4126_1654151145632.png,Cuarentena,Disponible,N,,,,N,N,S,2022-06-02T08:25:45,2022-06-02T08:25:45,,,,,,,,,https://www.zaragoza.es/cont/paginas/proteccionanimal/animal/imagen/4126_1654151145632.png
3363,JANINA,Felina,COMUN EUROPEO,Hembra,N,2021-04-21T00:00:00,siamés,,/cont/paginas/proteccionanimal/animal/imagen/3363_1646126581553.png,Casa de Acogida,Disponible,N,941000026627619,,,N,N,N,2021-06-24T00:00:00,2022-03-04T13:54:16,AR0042138,,,,,,,,https://www.zaragoza.es/cont/paginas/proteccionanimal/animal/imagen/3363_1646126581553.png
4016,CABALLERO,Felina,COMÚN EUROPEO,Macho,N,2021-04-25T00:00:00,Naranja,,/cont/paginas/proteccionanimal/animal/imagen/4016_1651221158307.png,Parque,Disponible,N,981098108687201,,,N,N,S,2022-04-26T09:30:30,2022-05-12T09:32:49,AR0048848,,,,Bueno,,,,https://www.zaragoza.es/cont/paginas/proteccionanimal/animal/imagen/4016_1651221158307.png
3886,PELUCHE,Canina,MESTIZO,Macho,N,2020-04-02T00:00:00,Marrón,Grande (26-44 kg),/cont/paginas/proteccionanimal/animal/imagen/peluche.png,Cuarentena,Disponible,S,941000023746634,ES,020310596,N,N,S,2022-02-12T12:03:02,2022-02-12T12:03:02,,,,,,,,,https://www.zaragoza.es/cont/paginas/proteccionanimal/animal/imagen/peluche.png
4002,AMPARITO,Felina,COMÚN EUROPEO,Hembra,N,2021-04-18T00:00:00,Atigrado,Mediano (11-25 kg),/cont/paginas/proteccionanimal/animal/imagen/4002_1650272663204.png,Cuarentena,Disponible,N,981098108659930,,,N,N,S,2022-04-18T11:04:23,2022-04-18T11:04:23,AR0049397,,,,,,,,https://www.zaragoza.es/cont/paginas/proteccionanimal/animal/imagen/4002_1650272663204.png
4003,KANGU / PAZ,Felina,COMÚN EUROPEO,Hembra,N,2022-04-18T00:00:00,,,/cont/paginas/proteccionanimal/animal/imagen/4003_1650276248387.png,Cuarentena,Disponible,N,981098108659395,,,N,N,S,2022-04-18T12:04:08,2022-05-10T13:13:45,AR0048192,,,,,,,,https://www.zaragoza.es/cont/paginas/proteccionanimal/animal/imagen/4003_1650276248387.png
4108,MILBA,Felina,COMÚN EUROPEO,Hembra,N,2022-04-23T00:00:00,Blanco,Mediano (11-25 kg),/cont/paginas/proteccionanimal/animal/imagen/4108_1653301239603.png,Parque,Disponible,N,981098108687382,,,N,S,S,2022-05-23T12:16:56,2022-12-21T08:08:34,AR0056306,,En el CMPA,2022-11-15T00:00:00,,,,,https://www.zaragoza.es/cont/paginas/proteccionanimal/animal/imagen/4108_1653301239603.png
3893,MINI,Felina,COMÚN EUROPEO,Hembra,N,2021-02-15T00:00:00,Atigrado,Mediano (11-25 kg),/cont/paginas/proteccionanimal/animal/imagen/3893_1644929629619.png,Parque,Disponible,N,981098108659824,,,N,S,S,2022-02-15T13:53:49,2022-08-25T13:42:21,AR0048182,,En el hospital,2022-02-14T00:00:00,Bueno,,,,https://www.zaragoza.es/cont/paginas/proteccionanimal/animal/imagen/3893_1644929629619.png
3947,PEPE,Felina,COMÚN EUROPEO,Macho,N,2017-03-18T00:00:00,Naranja,Pequeño (< 10 Kg),/cont/paginas/proteccionanimal/animal/imagen/3947_1647607116221.png,Casa de Acogida,Disponible,N,,,,N,N,S,2022-03-18T13:31:56,2022-03-18T13:31:56,AR0049408,,,,,,,,https://www.zaragoza.es/cont/paginas/proteccionanimal/animal/imagen/3947_1647607116221.png
3894,PANCHITO,Felina,COMÚN EUROPEO,Macho,N,2018-02-16T00:00:00,,Mediano (11-25 kg),/cont/paginas/proteccionanimal/animal/imagen/3894_1645003787209.png,Cuarentena,Disponible,N,981098108659431,,,N,S,S,2022-02-16T10:13:00,2023-02-10T10:14:37,AR0048856,,,,,,,,https://www.zaragoza.es/cont/paginas/proteccionanimal/animal/imagen/3894_1645003787209.png
3922,MIGUELITO,Canina,PITBULL,Macho,S,2018-02-28T00:00:00,Blanco y marrón,Grande (26-44 kg),/cont/paginas/proteccionanimal/animal/imagen/3922_1663746779018.png,Cuarentena,Disponible,N,985141004091700,ES,020361528,N,S,S,2022-02-28T11:42:44,2023-02-17T10:58:14,,2022-02-28T00:00:00,En el CMPA,2023-02-17T00:00:00,Bueno,,,,https://www.zaragoza.es/cont/paginas/proteccionanimal/animal/imagen/3922_1663746779018.png
4105,GORDITO,Canina,AMERICAN STAFFORDSHIRE TERRIER,Macho,S,2021-05-21T00:00:00,Blanco y marrón,Grande (26-44 kg),/cont/paginas/proteccionanimal/animal/imagen/4105_1653131546351.png,Guardería,Disponible,N,981098108687611,ES,020360762,S,N,S,2022-05-21T13:12:26,2022-07-06T12:21:46,,2022-05-21T00:00:00,,,Bueno,,,,https://www.zaragoza.es/cont/paginas/proteccionanimal/animal/imagen/4105_1653131546351.png
3924,PEPA,Canina,AMERICAN STAFFORDSHIRE TERRIER,Hembra,S,2015-01-01T00:00:00,Blanco y canela,Mediano (11-25 kg),/cont/paginas/proteccionanimal/animal/imagen/3924_1647002186092.png,Guardería,Disponible,S,941000017458228,ES,020196933,N,N,S,2022-03-02T08:45:23,2022-08-18T11:27:21,,2015-11-16T00:00:00,,,Bueno,,,,https://www.zaragoza.es/cont/paginas/proteccionanimal/animal/imagen/3924_1647002186092.png
4001,Huran,Canina,ALANO ESPAÑOL,Macho,N,2019-07-25T00:00:00,Beige,Mediano (11-25 kg),/cont/paginas/proteccionanimal/animal/imagen/4001_1663745050924.png,Guardería,Disponible,S,981098108074811,ES,020361513,N,S,S,2022-04-17T11:35:24,2022-09-21T09:24:10,,,En el CMPA,2022-07-08T00:00:00,Bueno,,,,https://www.zaragoza.es/cont/paginas/proteccionanimal/animal/imagen/4001_1663745050924.png
3942,MAPACHE,Felina,SIAMÉS,Macho,N,2020-03-16T00:00:00,Gris,Mediano (11-25 kg),/cont/paginas/proteccionanimal/animal/imagen/3942_1663746084877.png,Cuarentena,Disponible,N,941010000461690,,,N,S,S,2022-03-16T10:30:44,2023-02-10T10:26:43,AR0049406,,,,,,,,https://www.zaragoza.es/cont/paginas/proteccionanimal/animal/imagen/3942_1663746084877.png
3945,MONTXO,Felina,COMÚN EUROPEO,Macho,N,2021-07-18T00:00:00,Blanco y atigrado,Pequeño (< 10 Kg),/cont/paginas/proteccionanimal/animal/imagen/3945_1647588204885.png,Cuarentena,Disponible,N,981098108659527,,,N,N,S,2022-03-18T08:23:24,2022-03-25T08:53:32,AR0049411,,,,,,,,https://www.zaragoza.es/cont/paginas/proteccionanimal/animal/imagen/3945_1647588204885.png
4139,BAIRON,Canina,MESTIZO,Macho,N,2021-06-06T00:00:00,Crema,,/cont/paginas/proteccionanimal/animal/imagen/4139_1674472946235.png,Cuarentena,Disponible,N,981098108687529,ES,020360773,N,N,S,2022-06-06T13:15:26,2023-02-16T13:25:01,,,,,,,,,https://www.zaragoza.es/cont/paginas/proteccionanimal/animal/imagen/4139_1674472946235.png
4177,TOM RAIDER,Felina,COMÚN EUROPEO,Hembra,N,2021-06-22T00:00:00,Blanco y negro,Pequeño (< 10 Kg),/cont/paginas/proteccionanimal/animal/imagen/4177_1655897159255.png,Parque,Disponible,N,941010000414631,,,N,N,S,2022-06-22T13:25:59,2022-06-23T11:18:02,AR0055276,2022-06-22T00:00:00,,,,,,,https://www.zaragoza.es/cont/paginas/proteccionanimal/animal/imagen/4177_1655897159255.png
4316,QUINTA,Felina,COMÚN EUROPEO,Hembra,N,2020-08-30T00:00:00,Gris,Pequeño (< 10 Kg),/cont/paginas/proteccionanimal/animal/imagen/4316_1661859366965.png,Cuarentena,Disponible,N,941010000778178,,,N,N,N,2022-08-30T13:36:06,2022-08-30T13:36:06,AR0058171,,,,,,,,https://www.zaragoza.es/cont/paginas/proteccionanimal/animal/imagen/4316_1661859366965.png
4320,ALFREDO (G),Felina,COMÚN EUROPEO,Macho,N,2021-05-01T00:00:00,Blanco y atigrado,Pequeño (< 10 Kg),/cont/paginas/proteccionanimal/animal/imagen/4320_1662014127781.png,Parque,Disponible,N,941010000797109,,,N,S,S,2022-09-01T08:35:27,2022-09-01T08:35:27,AR0058166,,En el CMPA,2022-04-13T00:00:00,Por determinar,,,,https://www.zaragoza.es/cont/paginas/proteccionanimal/animal/imagen/4320_1662014127781.png
4133,MERCURIO,Felina,COMÚN EUROPEO,Macho,N,2021-06-03T00:00:00,Blanco y negro,Pequeño (< 10 Kg),/cont/paginas/proteccionanimal/animal/imagen/4133_1663746619225.png,Parque,Disponible,N,981098108687216,,,N,N,S,2022-06-03T12:17:47,2022-09-21T09:50:19,AR0056338,2022-06-03T00:00:00,,,,,,,https://www.zaragoza.es/cont/paginas/proteccionanimal/animal/imagen/4133_1663746619225.png
4183,EMPERATRIZ,Canina,MESTIZO,Hembra,N,2021-06-27T00:00:00,Negro y fuego,Mediano (11-25 kg),/cont/paginas/proteccionanimal/animal/imagen/4183_1656585279544.png,CMPA,Disponible,N,941010000534766,ES,020367156,N,N,S,2022-06-27T14:08:07,2022-07-19T11:44:10,,2022-06-30T00:00:00,,,Miedoso,,,,https://www.zaragoza.es/cont/paginas/proteccionanimal/animal/imagen/4183_1656585279544.png
4186,julfur,Canina,MESTIZO,Macho,N,2021-06-29T00:00:00,Canela,Mediano (11-25 kg),/cont/paginas/proteccionanimal/animal/imagen/4186_1663745923412.png,Guardería,Disponible,N,941010000509926,ES,020367155,N,N,S,2022-06-29T12:24:19,2023-02-03T12:58:13,,2022-06-29T00:00:00,,,,,,,https://www.zaragoza.es/cont/paginas/proteccionanimal/animal/imagen/4186_1663745923412.png
4188,ROCKY,Canina,MESTIZO,Macho,N,2011-03-01T00:00:00,Canela,Grande (26-44 kg),/cont/paginas/proteccionanimal/animal/imagen/4188_1663747294508.png,Guardería,Disponible,S,981098104026799,ES,020075519,S,N,S,2022-06-30T12:28:42,2022-11-26T10:14:26,,2020-06-26T00:00:00,,,,,,,https://www.zaragoza.es/cont/paginas/proteccionanimal/animal/imagen/4188_1663747294508.png
4236,NARCO,Canina,MESTIZO,Macho,S,2021-09-23T00:00:00,Blanco y marrón,Mediano (11-25 kg),/cont/paginas/proteccionanimal/animal/imagen/4236_1663746956290.png,Guardería,Disponible,N,941010000627169,ES,020365273,N,N,S,2022-07-23T14:23:57,2023-02-08T10:59:53,,2022-07-27T00:00:00,,,Miedoso,,,,https://www.zaragoza.es/cont/paginas/proteccionanimal/animal/imagen/4236_1663746956290.png
4246,RAMONA,Felina,COMÚN EUROPEO,Hembra,N,2019-08-01T00:00:00,Carey,Pequeño (< 10 Kg),/cont/paginas/proteccionanimal/animal/imagen/4246_1659355895582.png,Cuarentena,Disponible,N,,,,N,N,S,2022-08-01T14:11:35,2022-08-13T13:20:41,,,,,,,,,https://www.zaragoza.es/cont/paginas/proteccionanimal/animal/imagen/4246_1659355895582.png
4249,HERRERIN,Felina,COMÚN EUROPEO,Macho,N,2022-05-04T00:00:00,Atigrado,Pequeño (< 10 Kg),/cont/paginas/proteccionanimal/animal/imagen/4249_1659599190898.png,Parque,Disponible,N,992000001059058,,,N,S,S,2022-08-04T09:46:30,2022-12-22T08:04:56,AR0057987,2022-08-04T00:00:00,En el CMPA,2022-12-21T00:00:00,Por determinar,,,,https://www.zaragoza.es/cont/paginas/proteccionanimal/animal/imagen/4249_1659599190898.png
4332,SAMBALA,Felina,COMÚN EUROPEO,Hembra,N,2021-05-01T00:00:00,Blanco y manchas negras,Pequeño (< 10 Kg),/cont/paginas/proteccionanimal/animal/imagen/4332_1662034636667.png,Parque,Disponible,N,941010000798713,,,N,S,S,2022-09-01T14:17:16,2022-09-01T14:17:16,AR0058179,2022-09-01T00:00:00,En el CMPA,2022-04-13T00:00:00,Por determinar,,,,https://www.zaragoza.es/cont/paginas/proteccionanimal/animal/imagen/4332_1662034636667.png
4342,BIZQUI,Felina,COMÚN EUROPEO,Macho,N,2014-09-06T00:00:00,Blanco,Pequeño (< 10 Kg),/cont/paginas/proteccionanimal/animal/imagen/4342_1662465648042.png,Cuarentena,Disponible,N,941010000782544,,,N,S,S,2022-09-06T14:00:48,2022-12-21T09:10:20,AR0058178,,En el CMPA,2022-12-21T00:00:00,,,,,https://www.zaragoza.es/cont/paginas/proteccionanimal/animal/imagen/4342_1662465648042.png
4159,POLINA,Felina,COMÚN EUROPEO,Hembra,N,2016-06-06T00:00:00,Gris atigrado,Mediano (11-25 kg),/cont/paginas/proteccionanimal/animal/imagen/4159_1655282528412.png,Parque,Disponible,N,981098108659871,,,N,N,S,2022-06-15T10:42:08,2022-07-22T11:52:00,AR0056330,,,,,,,,https://www.zaragoza.es/cont/paginas/proteccionanimal/animal/imagen/4159_1655282528412.png
4160,CAPITANA MERICA,Felina,COMÚN EUROPEO,Hembra,N,2016-06-15T00:00:00,Naranja,Mediano (11-25 kg),/cont/paginas/proteccionanimal/animal/imagen/4160_1655286271513.png,Cuarentena,Disponible,N,981098108687526,,,N,S,S,2022-06-15T11:29:43,2023-02-08T12:31:32,AR0056329,,En el CMPA,2023-02-08T00:00:00,,,,,https://www.zaragoza.es/cont/paginas/proteccionanimal/animal/imagen/4160_1655286271513.png
4230,JORGITO,Felina,COMÚN EUROPEO,Macho,N,2021-07-19T00:00:00,Atigrado,Pequeño (< 10 Kg),/cont/paginas/proteccionanimal/animal/imagen/4230_1658223655217.png,Parque,Disponible,S,992000001059729,,,N,N,S,2022-07-19T11:40:55,2022-09-15T08:23:49,AR0057927,,,,,,,,https://www.zaragoza.es/cont/paginas/proteccionanimal/animal/imagen/4230_1658223655217.png
4305,TIANA,Felina,COMÚN EUROPEO,Hembra,N,2022-02-24T00:00:00,Negro,Pequeño (< 10 Kg),/cont/paginas/proteccionanimal/animal/imagen/4305_1661332557902.png,Casa de Acogida,Disponible,N,992000001059732,,,N,N,S,2022-08-24T11:15:57,2023-02-07T09:54:53,AR0058000,2022-09-14T00:00:00,,,,,,,https://www.zaragoza.es/cont/paginas/proteccionanimal/animal/imagen/4305_1661332557902.png
4306,JASMIN,Felina,COMÚN EUROPEO,Hembra,N,2022-02-24T00:00:00,Blanco y negro,Pequeño (< 10 Kg),/cont/paginas/proteccionanimal/animal/imagen/4306_1661333335834.png,Casa de Acogida,Disponible,N,992000001059731,,,N,N,S,2022-08-24T11:28:55,2022-08-24T11:28:55,AR0057921,,,,,,,,https://www.zaragoza.es/cont/paginas/proteccionanimal/animal/imagen/4306_1661333335834.png
4312,ALMA,Felina,COMÚN EUROPEO,Hembra,N,2021-08-20T00:00:00,Atigrado,,/cont/paginas/proteccionanimal/animal/imagen/4312_1661591431815.png,Parque,Disponible,N,941010000826407,,,N,S,S,2022-08-27T11:07:50,2022-12-21T08:09:32,AR0058169,,En el CMPA,2022-11-15T00:00:00,,,,,https://www.zaragoza.es/cont/paginas/proteccionanimal/animal/imagen/4312_1661591431815.png
4315,MAESTRO,Felina,COMÚN EUROPEO,Macho,N,2021-08-30T00:00:00,Atigrado,Pequeño (< 10 Kg),/cont/paginas/proteccionanimal/animal/imagen/4315_1661859000877.png,Cuarentena,Disponible,N,941010000749255,,,N,S,S,2022-08-30T13:30:00,2022-12-22T13:26:05,AR0058170,,En el CMPA,2022-12-22T00:00:00,,,,,https://www.zaragoza.es/cont/paginas/proteccionanimal/animal/imagen/4315_1661859000877.png
4317,DRACO,Canina,MESTIZO,Macho,N,2020-11-03T00:00:00,Dorado,Mediano (11-25 kg),/cont/paginas/proteccionanimal/animal/imagen/4317_1661944402379.png,CMPA,Disponible,S,985113004214037,ES,020323040,N,S,S,2022-08-31T13:13:22,2023-02-10T10:50:21,,2022-09-01T00:00:00,En el CMPA,2023-02-10T00:00:00,Por determinar,,,,https://www.zaragoza.es/cont/paginas/proteccionanimal/animal/imagen/4317_1661944402379.png
4330,SAMU,Canina,PASTOR ALEMÁN,Macho,N,2014-09-01T00:00:00,Negro y fuego,Mediano (11-25 kg),/cont/paginas/proteccionanimal/animal/imagen/4330_1662031677382.png,CMPA,Disponible,N,941010000726531,ES,020366339,N,N,S,2022-09-01T13:27:57,2023-01-31T13:29:25,,2022-09-01T00:00:00,,,Por determinar,,,,https://www.zaragoza.es/cont/paginas/proteccionanimal/animal/imagen/4330_1662031677382.png
4192,PARTIKULA,Felina,COMÚN EUROPEO,Hembra,N,2020-07-05T00:00:00,Atigrado,Mediano (11-25 kg),/cont/paginas/proteccionanimal/animal/imagen/4192_1657012042300.png,Cuarentena,Disponible,N,992000001059046,,,N,N,S,2022-07-05T11:07:22,2022-07-22T10:27:20,AR0057981,,,,,,,,https://www.zaragoza.es/cont/paginas/proteccionanimal/animal/imagen/4192_1657012042300.png
4258,PIZARRO,Felina,COMÚN EUROPEO,Macho,N,2022-05-01T00:00:00,Negro,Pequeño (< 10 Kg),/cont/paginas/proteccionanimal/animal/imagen/4258_1659948495541.png,Casa de Acogida,Disponible,N,992000001059037,,,N,N,S,2022-08-08T10:48:15,2022-08-13T11:56:11,AR0057991,2022-08-08T00:00:00,,,Por determinar,,,,https://www.zaragoza.es/cont/paginas/proteccionanimal/animal/imagen/4258_1659948495541.png
4259,GIN,Felina,COMÚN EUROPEO,Hembra,N,2022-05-08T00:00:00,Naranja atigrado,Pequeño (< 10 Kg),/cont/paginas/proteccionanimal/animal/imagen/4259_1659948831754.png,Casa de Acogida,Disponible,N,992000001059036,,,N,N,S,2022-08-08T10:53:51,2022-08-13T11:56:33,AR0057992,2022-02-08T00:00:00,,,Por determinar,,,,https://www.zaragoza.es/cont/paginas/proteccionanimal/animal/imagen/4259_1659948831754.png
4260,GON,Felina,COMÚN EUROPEO,Macho,N,2022-05-08T00:00:00,Blanco y atigrado,Pequeño (< 10 Kg),/cont/paginas/proteccionanimal/animal/imagen/4260_1659950996550.png,Casa de Acogida,Disponible,N,992000001059034,,,N,N,S,2022-08-08T11:29:56,2022-08-13T11:55:48,AR0057994,2022-08-08T00:00:00,,,Por determinar,,,,https://www.zaragoza.es/cont/paginas/proteccionanimal/animal/imagen/4260_1659950996550.png
4185,JULITO,Canina,AMERICAN STAFFORDSHIRE TERRIER,Macho,S,2021-06-29T00:00:00,Blanco y marrón,Gigante (> 45 Kg),/cont/paginas/proteccionanimal/animal/imagen/4185_1656495506270.png,Guardería,Disponible,N,941010000494235,ES,020367154,N,N,S,2022-06-29T11:38:26,2022-09-12T11:21:41,,2022-06-29T00:00:00,,,,,,,https://www.zaragoza.es/cont/paginas/proteccionanimal/animal/imagen/4185_1656495506270.png
4243,TERE,Canina,MESTIZO,Hembra,N,2021-10-30T00:00:00,Marrón,Mediano (11-25 kg),/cont/paginas/proteccionanimal/animal/imagen/4243_1659173443008.png,CMPA,Disponible,N,992000001059048,ES,020365277,N,N,N,2022-07-30T11:30:43,2022-10-31T11:31:46,,,,,,,,,https://www.zaragoza.es/cont/paginas/proteccionanimal/animal/imagen/4243_1659173443008.png
4250,PITIN,Canina,PODENCO,Macho,N,2022-04-04T00:00:00,Blanco y marrón,Mediano (11-25 kg),/cont/paginas/proteccionanimal/animal/imagen/4250_1659601554139.png,CMPA,Disponible,N,992000001059053,ES,020365285,N,S,S,2022-08-04T10:25:54,2023-02-15T08:35:25,,,En el CMPA,2023-02-15T00:00:00,Por determinar,,,,https://www.zaragoza.es/cont/paginas/proteccionanimal/animal/imagen/4250_1659601554139.png
4253,BLANQUITA,Felina,COMÚN EUROPEO,Hembra,N,2022-01-01T00:00:00,Blanco y manchas negras,Pequeño (< 10 Kg),/cont/paginas/proteccionanimal/animal/imagen/4253_1659693877193.png,Casa de Acogida,Disponible,N,,,,N,N,S,2022-08-05T11:49:01,2022-09-01T13:52:29,,,,,,,,,https://www.zaragoza.es/cont/paginas/proteccionanimal/animal/imagen/4253_1659693877193.png
4152,SKAY,Canina,AMERICAN STAFFORDSHIRE TERRIER,Macho,S,2020-11-15T00:00:00,Blanco y marrón,Mediano (11-25 kg),/cont/paginas/proteccionanimal/animal/imagen/4152_1664796322640.png,Guardería,Disponible,S,941000026417510,ES,140037318,N,N,S,2022-06-14T11:21:07,2023-02-07T11:51:36,,2021-06-22T00:00:00,,,,,,,https://www.zaragoza.es/cont/paginas/proteccionanimal/animal/imagen/4152_1664796322640.png
4198,COLACAO,Canina,MESTIZO,Macho,S,2022-01-01T00:00:00,Blanco y negro,Grande (26-44 kg),/cont/paginas/proteccionanimal/animal/imagen/4198_1663747895762.png,Cuarentena,Disponible,N,941010000705107,ES,020367162,N,S,S,2022-07-07T12:46:25,2023-02-09T11:42:46,,,En el CMPA,2023-02-09T00:00:00,,,,,https://www.zaragoza.es/cont/paginas/proteccionanimal/animal/imagen/4198_1663747895762.png
4132,Guerrera Luna,Felina,COMÚN EUROPEO,Hembra,N,2021-06-03T00:00:00,Blanco y negro,,/cont/paginas/proteccionanimal/animal/imagen/4132_1654241343497.png,Parque,Disponible,N,981098108687636,,,N,N,S,2022-06-03T09:03:48,2022-06-03T09:03:48,AR0056339,,,,Por determinar,,,,https://www.zaragoza.es/cont/paginas/proteccionanimal/animal/imagen/4132_1654241343497.png
4144,Madame Vastra,Felina,COMÚN EUROPEO,Hembra,N,2021-06-07T00:00:00,Gris,,/cont/paginas/proteccionanimal/animal/imagen/4144_1663746043791.png,Parque,Disponible,N,981098108687391,,,N,S,S,2022-06-08T13:50:18,2022-09-21T09:40:43,AR0056334,,En el CMPA,2022-06-08T00:00:00,Por determinar,,,,https://www.zaragoza.es/cont/paginas/proteccionanimal/animal/imagen/4144_1663746043791.png
4176,ELEKTRA,Felina,COMÚN EUROPEO,Hembra,N,2021-06-22T00:00:00,Negro,Pequeño (< 10 Kg),/cont/paginas/proteccionanimal/animal/imagen/4176_1675513274459.png,Parque,Disponible,N,981098108687749,,,N,N,S,2022-06-22T13:15:11,2023-02-04T13:21:14,AR0055277,2022-06-22T00:00:00,,,,,,,https://www.zaragoza.es/cont/paginas/proteccionanimal/animal/imagen/4176_1675513274459.png
4224,MARILYN,Felina,COMÚN EUROPEO,Hembra,N,2021-09-16T00:00:00,Atigrado,,/cont/paginas/proteccionanimal/animal/imagen/4224_1660647031473.png,Casa de Acogida,Disponible,S,941010000685211,,,N,N,S,2022-07-16T10:16:49,2022-08-16T12:50:31,,,,,Bueno,,,,https://www.zaragoza.es/cont/paginas/proteccionanimal/animal/imagen/4224_1660647031473.png
4278,ATECA,Felina,COMÚN EUROPEO,Hembra,N,2022-06-13T00:00:00,Naranja,Pequeño (< 10 Kg),/cont/paginas/proteccionanimal/animal/imagen/4278_1660378276899.png,Casa de Acogida,Disponible,N,992000001059030,,,N,N,S,2022-08-13T10:11:16,2022-10-25T14:20:52,AR0057997,2022-10-25T00:00:00,,,Por determinar,,,,https://www.zaragoza.es/cont/paginas/proteccionanimal/animal/imagen/4278_1660378276899.png
4282,SANDY,Canina,AMERICAN BULLY,Hembra,S,2018-02-14T00:00:00,Blanco y negro,Grande (26-44 kg),/cont/paginas/proteccionanimal/animal/imagen/4282_1663747334563.png,Guardería,Disponible,S,981098106691643,ES,020267588,N,S,S,2022-08-16T12:11:06,2023-01-18T11:15:05,,2018-07-03T00:00:00,En el hospital,2022-09-05T00:00:00,,,,,https://www.zaragoza.es/cont/paginas/proteccionanimal/animal/imagen/4282_1663747334563.png
4308,CHIRLA,Canina,MESTIZO,Hembra,N,2021-08-24T00:00:00,Blanco y marrón,Mediano (11-25 kg),/cont/paginas/proteccionanimal/animal/imagen/4308_1661339467333.png,CMPA,Disponible,N,992000001059062,ES,020366334,N,N,S,2022-08-24T13:11:07,2022-11-23T10:08:33,,2022-08-26T00:00:00,,,,,,,https://www.zaragoza.es/cont/paginas/proteccionanimal/animal/imagen/4308_1661339467333.png
4310,GURRION,Felina,COMÚN EUROPEO,Macho,N,2018-08-27T00:00:00,Negro,Pequeño (< 10 Kg),/cont/paginas/proteccionanimal/animal/imagen/4310_1661580077417.png,Cuarentena,Disponible,N,,,,N,N,S,2022-08-27T08:01:17,2022-08-27T08:01:17,,,,,,,,,https://www.zaragoza.es/cont/paginas/proteccionanimal/animal/imagen/4310_1661580077417.png
4408,COTTON,Canina,,Macho,,2016-07-16T00:00:00,,,/cont/paginas/proteccionanimal/animal/imagen/4408_1665658952964.png,Cuarentena,Disponible,S,941000021340147,ES,020240661,S,S,S,2022-10-13T13:02:32,2023-02-20T10:53:43,,2021-10-27T00:00:00,En el CMPA,2023-02-20T00:00:00,Bueno,,12,,https://www.zaragoza.es/cont/paginas/proteccionanimal/animal/imagen/4408_1665658952964.png
4531,FLUKY,Canina,MESTIZO,Macho,N,2021-12-01T00:00:00,Acero Y Fuego,Mediano (11-25 kg),/cont/paginas/proteccionanimal/animal/imagen/4531_1669890525380.png,Cuarentena,Disponible,N,992000002075966,ES,020366360,N,S,S,2022-12-01T09:17:32,2023-02-09T11:41:19,,2022-12-01T00:00:00,En el CMPA,2023-02-09T00:00:00,Bueno,,7,,https://www.zaragoza.es/cont/paginas/proteccionanimal/animal/imagen/4531_1669890525380.png
4532,MIRTA,Canina,MESTIZO,Hembra,,2021-12-01T00:00:00,Negro y fuego,Mediano (11-25 kg),/cont/paginas/proteccionanimal/animal/imagen/4532_1669890239650.png,Cuarentena,Disponible,N,992000002075967,ES,020366361,N,N,S,2022-12-01T09:53:04,2022-12-27T12:06:08,,2022-12-01T00:00:00,,,Bueno,,9,,https://www.zaragoza.es/cont/paginas/proteccionanimal/animal/imagen/4532_1669890239650.png
4550,NALA,Felina,COMÚN EUROPEO,Hembra,N,2022-09-01T00:00:00,Atigrado,Pequeño (< 10 Kg),/cont/paginas/proteccionanimal/animal/imagen/4550_1671019461921.png,Casa de Acogida,Disponible,N,992000002075947,,,N,N,S,2022-12-14T13:04:21,2022-12-14T13:04:21,AR0060219,2022-12-14T00:00:00,,,,,,,https://www.zaragoza.es/cont/paginas/proteccionanimal/animal/imagen/4550_1671019461921.png
4582,GRISELDO,Felina,COMÚN EUROPEO,Hembra,N,2020-12-22T00:00:00,Gris,Pequeño (< 10 Kg),/cont/paginas/proteccionanimal/animal/imagen/4582_1671692097559.png,Cuarentena,Disponible,N,992000002075944,,,N,S,S,2022-12-22T07:54:57,2023-02-10T10:48:48,AR0057978,2022-12-21T00:00:00,En el CMPA,2023-02-10T00:00:00,Bueno,,,,https://www.zaragoza.es/cont/paginas/proteccionanimal/animal/imagen/4582_1671692097559.png
4593,SNOW,Felina,COMÚN EUROPEO,Macho,N,2022-05-20T00:00:00,Blanco,Pequeño (< 10 Kg),/cont/paginas/proteccionanimal/animal/imagen/4593_1672391909239.png,Casa de Acogida,Disponible,N,992000002075894,,,N,N,S,2022-12-30T10:18:29,2022-12-30T10:18:29,AR0057088,2022-12-30T00:00:00,,,,,,,https://www.zaragoza.es/cont/paginas/proteccionanimal/animal/imagen/4593_1672391909239.png
4607,HAPPY,Felina,COMÚN EUROPEO,Hembra,N,2022-04-10T00:00:00,Blanco y negro,Pequeño (< 10 Kg),/cont/paginas/proteccionanimal/animal/imagen/4607_1673345442020.png,Casa de Acogida,Disponible,N,992000002075750,,,N,N,S,2023-01-10T11:10:42,2023-01-16T09:57:45,AR0057091,2023-01-10T00:00:00,,,Bueno,,,,https://www.zaragoza.es/cont/paginas/proteccionanimal/animal/imagen/4607_1673345442020.png
4613,NERVI,Canina,MESTIZO,Macho,N,2022-01-14T00:00:00,Blanco y marrón,Mediano (11-25 kg),/cont/paginas/proteccionanimal/animal/imagen/4613_1673682928797.png,Cuarentena,Disponible,N,992000002075743,ES,020366312,N,S,S,2023-01-14T08:55:28,2023-02-16T13:41:45,,2023-01-14T00:00:00,En el CMPA,2023-02-16T00:00:00,Nervioso,,5,,https://www.zaragoza.es/cont/paginas/proteccionanimal/animal/imagen/4613_1673682928797.png
4401,TIGRA,Felina,COMÚN EUROPEO,Hembra,N,2022-04-11T00:00:00,Atigrado,,/cont/paginas/proteccionanimal/animal/imagen/4401_1665477613707.png,Casa de Acogida,Disponible,N,992000001059843,,,N,N,S,2022-10-11T10:40:13,2022-11-10T12:36:08,AR0056263,2022-10-11T00:00:00,,,,,,,https://www.zaragoza.es/cont/paginas/proteccionanimal/animal/imagen/4401_1665477613707.png
4453,PERSY,Felina,COMÚN EUROPEO,Macho,N,2022-06-13T00:00:00,Blanco,Pequeño (< 10 Kg),/cont/paginas/proteccionanimal/animal/imagen/4453_1666696141099.png,Casa de Acogida,Disponible,N,992000001059860,,,N,N,S,2022-10-25T13:09:01,2022-10-29T11:08:01,AR0056273,2022-10-25T00:00:00,,,,,,,https://www.zaragoza.es/cont/paginas/proteccionanimal/animal/imagen/4453_1666696141099.png
4454,AGALLAS,Canina,MESTIZO,Macho,S,2020-11-16T00:00:00,Crema,Grande (26-44 kg),/cont/paginas/proteccionanimal/animal/imagen/4454_1666699213789.png,Guardería,Disponible,N,992000001059795,ES,020366367,N,N,S,2022-10-25T14:00:13,2022-12-31T11:14:26,,2022-11-16T00:00:00,,,,,,,https://www.zaragoza.es/cont/paginas/proteccionanimal/animal/imagen/4454_1666699213789.png
4458,CHEFA,Canina,MESTIZO,Hembra,N,2020-10-27T00:00:00,Blanco y canela,,/cont/paginas/proteccionanimal/animal/imagen/4458_1666856918788.png,Cuarentena,Disponible,N,992000001059856,ES,020366397,N,N,S,2022-10-27T09:48:38,2022-11-10T14:19:38,,2022-11-10T00:00:00,,,,,,,https://www.zaragoza.es/cont/paginas/proteccionanimal/animal/imagen/4458_1666856918788.png
4459,CHARDO,Canina,MESTIZO,Macho,N,2020-10-27T00:00:00,Blanco y marrón,,/cont/paginas/proteccionanimal/animal/imagen/4459_1666857146592.png,Cuarentena,Disponible,N,992000001059850,ES,020366398,N,N,S,2022-10-27T09:52:26,2022-11-10T14:18:02,,2022-11-10T00:00:00,,,,,,,https://www.zaragoza.es/cont/paginas/proteccionanimal/animal/imagen/4459_1666857146592.png
4505,ABU,Felina,COMUN EUROPEO,Macho,N,2022-03-17T00:00:00,Atigrado,Pequeño (< 10 Kg),/cont/paginas/proteccionanimal/animal/imagen/4505_1668686944344.png,Casa de Acogida,Disponible,N,992000001059791,,,N,N,S,2022-11-17T13:09:04,2022-11-24T08:57:32,AR0057941,2022-11-17T00:00:00,,,,,,,https://www.zaragoza.es/cont/paginas/proteccionanimal/animal/imagen/4505_1668686944344.png
4536,WILLOW,Felina,COMÚN EUROPEO,Macho,N,2022-12-03T00:00:00,Atigrado,Pequeño (< 10 Kg),/cont/paginas/proteccionanimal/animal/imagen/4536_1670073082173.png,Casa de Acogida,Disponible,N,992000002075849,,,N,N,N,2022-12-03T14:11:22,2022-12-03T14:11:22,AR0060302,2022-07-30T00:00:00,,,,,,,https://www.zaragoza.es/cont/paginas/proteccionanimal/animal/imagen/4536_1670073082173.png
4562,KIN,Felina,COMÚN EUROPEO,Hembra,N,2022-10-10T00:00:00,Atigrado,Pequeño (< 10 Kg),/cont/paginas/proteccionanimal/animal/imagen/4562_1671106791855.png,Casa de Acogida,Disponible,N,992000002076054,,,N,N,S,2022-12-15T13:19:51,2023-01-05T14:40:47,AR0060216,,,,Bueno,,,,https://www.zaragoza.es/cont/paginas/proteccionanimal/animal/imagen/4562_1671106791855.png
4362,BOB MARLEY,Felina,COMÚN EUROPEO,Macho,N,2022-08-08T00:00:00,Atigrado,Pequeño (< 10 Kg),/cont/paginas/proteccionanimal/animal/imagen/4362_1663243371144.png,Casa de Acogida,Disponible,N,941010000789907,,,N,N,S,2022-09-15T13:57:26,2022-09-20T08:50:49,AR0057922,,,,,,,,https://www.zaragoza.es/cont/paginas/proteccionanimal/animal/imagen/4362_1663243371144.png
4413,BLACKY,Canina,MESTIZO,Hembra,N,2021-08-03T00:00:00,Negro y fuego,Mediano (11-25 kg),/cont/paginas/proteccionanimal/animal/imagen/4413_1665825801057.png,Cuarentena,Disponible,N,941010000709652,ES,020366635,N,N,S,2022-10-15T11:23:21,2022-11-04T08:53:43,,2022-08-03T00:00:00,,,,,8,,https://www.zaragoza.es/cont/paginas/proteccionanimal/animal/imagen/4413_1665825801057.png
4469,ORION,Felina,COMÚN EUROPEO,Macho,N,2022-08-31T00:00:00,Negro,,/cont/paginas/proteccionanimal/animal/imagen/4469_1667214030853.png,Casa de Acogida,Disponible,N,992000001059865,,,N,N,S,2022-10-31T12:00:30,2022-10-31T12:00:30,AR0057955,2022-10-31T00:00:00,,,,,,,https://www.zaragoza.es/cont/paginas/proteccionanimal/animal/imagen/4469_1667214030853.png
4398,DIANA,Canina,MESTIZO,Hembra,N,2022-04-07T00:00:00,Negro y fuego,Mediano (11-25 kg),/cont/paginas/proteccionanimal/animal/imagen/4398_1665141833028.png,Cuarentena,Disponible,N,992000001059769,ES,020362735,N,N,S,2022-10-07T13:23:53,2023-02-18T10:41:06,,2022-10-07T00:00:00,,,Bueno,,,,https://www.zaragoza.es/cont/paginas/proteccionanimal/animal/imagen/4398_1665141833028.png
4399,MAFIA,Canina,MESTIZO,Hembra,N,2022-04-07T00:00:00,Negro y fuego,Grande (26-44 kg),/cont/paginas/proteccionanimal/animal/imagen/4399_1665142158950.png,Cuarentena,Disponible,N,992000001059788,ES,020362784,N,N,S,2022-10-07T13:29:18,2023-02-16T10:38:17,,2022-10-07T00:00:00,,,Bueno,,,,https://www.zaragoza.es/cont/paginas/proteccionanimal/animal/imagen/4399_1665142158950.png
4428,ARCE,Canina,MESTIZO,Macho,S,2021-06-17T00:00:00,Negro,Mediano (11-25 kg),/cont/paginas/proteccionanimal/animal/imagen/4428_1666008151599.png,Guardería,Disponible,N,992000001059783,ES,020366383,N,N,S,2022-10-17T14:02:31,2022-12-09T12:56:51,,2022-10-17T00:00:00,,,Bueno,,,,https://www.zaragoza.es/cont/paginas/proteccionanimal/animal/imagen/4428_1666008151599.png
4510,ANTONIO,Felina,COMUN EUROPEO,Macho,N,2022-11-18T00:00:00,Negro,Pequeño (< 10 Kg),/cont/paginas/proteccionanimal/animal/imagen/4510_1668844420914.png,Casa de Acogida,Disponible,N,992000001059790,,,N,N,S,2022-11-19T08:53:40,2022-11-24T08:58:50,AR0055099,2022-11-18T00:00:00,,,,,,,https://www.zaragoza.es/cont/paginas/proteccionanimal/animal/imagen/4510_1668844420914.png
4587,QUIRICA,Felina,COMUN EUROPEO,Hembra,N,2022-04-23T00:00:00,Negro,Pequeño (< 10 Kg),/cont/paginas/proteccionanimal/animal/imagen/4587_1672225995234.png,Cuarentena,Disponible,N,992000002075898,,,N,S,S,2022-12-28T12:13:15,2023-01-26T11:35:08,AR0060313,2022-12-29T00:00:00,En el CMPA,2023-01-26T00:00:00,,,,,https://www.zaragoza.es/cont/paginas/proteccionanimal/animal/imagen/4587_1672225995234.png
4618,VICO,Felina,COMÚN EUROPEO,Macho,N,2022-01-17T00:00:00,Blanco y negro,Pequeño (< 10 Kg),/cont/paginas/proteccionanimal/animal/imagen/4618_1673955379549.png,Cuarentena,Disponible,N,992000002075992,,,N,N,S,2023-01-17T12:36:19,2023-01-23T12:06:05,AR0060314,2023-01-17T00:00:00,,,,,,,https://www.zaragoza.es/cont/paginas/proteccionanimal/animal/imagen/4618_1673955379549.png
4626,SIMA,Canina,MESTIZO,Hembra,N,2021-01-25T00:00:00,Blanco y negro,Mediano (11-25 kg),/cont/paginas/proteccionanimal/animal/imagen/4626_1674720811662.png,Cuarentena,Disponible,N,992000002075703,ES,020366306,N,N,S,2023-01-23T12:29:03,2023-01-27T07:37:45,,2023-01-25T00:00:00,,,,,,,https://www.zaragoza.es/cont/paginas/proteccionanimal/animal/imagen/4626_1674720811662.png
4429,MOI,Felina,COMÚN EUROPEO,Hembra,N,2022-07-18T00:00:00,Blanco y negro,Pequeño (< 10 Kg),/cont/paginas/proteccionanimal/animal/imagen/4429_1666076468653.png,Casa de Acogida,Disponible,N,992000001059840,,,N,N,S,2022-10-18T09:01:08,2022-11-10T12:48:45,AR0057085,2022-10-28T00:00:00,,,,,,,https://www.zaragoza.es/cont/paginas/proteccionanimal/animal/imagen/4429_1666076468653.png
4350,PAQUI,Canina,MESTIZO,Hembra,N,2018-09-09T00:00:00,Negro,Mediano (11-25 kg),/cont/paginas/proteccionanimal/animal/imagen/4350_1662706761925.png,Cuarentena,Disponible,N,992000001059825,ES,020372354,N,N,S,2022-09-09T08:59:21,2022-11-19T10:06:48,,,,,,,,,https://www.zaragoza.es/cont/paginas/proteccionanimal/animal/imagen/4350_1662706761925.png
4364,CHAYANNE,Felina,COMÚN EUROPEO,Macho,N,2022-08-08T00:00:00,Atigrado,Pequeño (< 10 Kg),/cont/paginas/proteccionanimal/animal/imagen/4364_1663243568205.png,Casa de Acogida,Disponible,N,941010000599228,,,N,N,S,2022-09-15T14:05:16,2022-09-20T08:51:03,AR0057923,,,,,,,,https://www.zaragoza.es/cont/paginas/proteccionanimal/animal/imagen/4364_1663243568205.png
4451,PIPA,Felina,COMÚN EUROPEO,Hembra,N,2022-06-13T00:00:00,Tricolor,Pequeño (< 10 Kg),/cont/paginas/proteccionanimal/animal/imagen/4451_1666695566140.png,Casa de Acogida,Disponible,N,992000001059779,,,N,N,S,2022-10-25T12:59:26,2022-10-29T11:08:19,AR0056272,2022-10-25T00:00:00,,,,,,,https://www.zaragoza.es/cont/paginas/proteccionanimal/animal/imagen/4451_1666695566140.png
4527,NEMO,Felina,COMÚN EUROPEO,Macho,N,2022-08-20T00:00:00,Blanco y atigrado,Pequeño (< 10 Kg),/cont/paginas/proteccionanimal/animal/imagen/4527_1669717392060.png,Casa de Acogida,Disponible,N,992000002075964,,,N,N,N,2022-11-29T11:23:12,2022-11-29T11:23:12,AR0060311,2022-11-29T00:00:00,,,,,,,https://www.zaragoza.es/cont/paginas/proteccionanimal/animal/imagen/4527_1669717392060.png
4533,SLICE,Canina,MESTIZO,Macho,S,2021-12-01T00:00:00,Marrón y crema,Mediano (11-25 kg),/cont/paginas/proteccionanimal/animal/imagen/4533_1669890728710.png,CMPA,Disponible,N,941010000910577,ES,020378924,N,S,S,2022-12-01T11:32:08,2023-02-22T13:01:38,,2023-02-22T00:00:00,En el CMPA,2023-02-22T00:00:00,,,,Nave A,https://www.zaragoza.es/cont/paginas/proteccionanimal/animal/imagen/4533_1669890728710.png
4577,KIRIKU,Felina,COMÚN EUROPEO,Macho,N,2022-10-20T00:00:00,Blanco y negro,Pequeño (< 10 Kg),/cont/paginas/proteccionanimal/animal/imagen/4577_1671524658841.png,Casa de Acogida,Disponible,N,992000002075945,,,N,N,S,2022-12-20T09:24:18,2022-12-20T09:24:18,AR0057086,2022-12-20T00:00:00,,,,,,,https://www.zaragoza.es/cont/paginas/proteccionanimal/animal/imagen/4577_1671524658841.png
4579,FLORIANA,Canina,MESTIZO,Hembra,N,2022-03-21T00:00:00,Atigrado,,/cont/paginas/proteccionanimal/animal/imagen/4579_1671620730973.png,Cuarentena,Disponible,N,992000002076102,ES,020378069,N,N,S,2022-12-21T12:01:33,2022-12-28T07:54:31,,2022-12-21T00:00:00,,,,,,,https://www.zaragoza.es/cont/paginas/proteccionanimal/animal/imagen/4579_1671620730973.png
4580,CHABELA,Canina,MESTIZO,Hembra,N,2022-03-21T00:00:00,Marrón,Mediano (11-25 kg),/cont/paginas/proteccionanimal/animal/imagen/4580_1671620559700.png,Cuarentena,Disponible,N,992000002076101,ES,020378068,N,N,S,2022-12-21T12:02:39,2022-12-28T07:54:07,,2022-11-21T00:00:00,,,Bueno,,,,https://www.zaragoza.es/cont/paginas/proteccionanimal/animal/imagen/4580_1671620559700.png
4598,HADA,Canina,MESTIZO,Hembra,S,2021-12-31T00:00:00,Negro,Mediano (11-25 kg),/cont/paginas/proteccionanimal/animal/imagen/4598_1672476594511.png,Guardería,Disponible,N,992000002075895,ES,020366320,N,N,S,2022-12-31T09:49:08,2023-02-01T10:30:09,,2022-12-31T00:00:00,,,,,,,https://www.zaragoza.es/cont/paginas/proteccionanimal/animal/imagen/4598_1672476594511.png
4600,AMAYA,Canina,MESTIZO,Hembra,N,2021-12-31T00:00:00,Negro y fuego,Pequeño (< 10 Kg),/cont/paginas/proteccionanimal/animal/imagen/4600_1672478939619.png,Cuarentena,Disponible,N,992000002075892,ES,020366319,N,N,S,2022-12-31T10:28:59,2023-01-11T13:01:05,,2022-12-31T00:00:00,,,,,,,https://www.zaragoza.es/cont/paginas/proteccionanimal/animal/imagen/4600_1672478939619.png
4457,DRES,Canina,MESTIZO,Macho,N,2021-10-27T00:00:00,Blanco y marrón,,/cont/paginas/proteccionanimal/animal/imagen/4457_1666856766058.png,Cuarentena,Disponible,N,,ES,,N,N,S,2022-10-27T09:46:06,2022-11-10T14:19:52,,,,,,,,,https://www.zaragoza.es/cont/paginas/proteccionanimal/animal/imagen/4457_1666856766058.png
4465,LOGAN,Felina,COMUN EUROPEO,Macho,N,2020-10-29T00:00:00,Negro,Pequeño (< 10 Kg),/cont/paginas/proteccionanimal/animal/imagen/4465_1667032000133.png,Casa de Acogida,Disponible,N,992000001059781,,,N,N,S,2022-10-29T10:26:40,2022-12-03T09:44:55,AR0057956,2022-10-29T00:00:00,,,,,,,https://www.zaragoza.es/cont/paginas/proteccionanimal/animal/imagen/4465_1667032000133.png
4486,SUKHA,Felina,COMUN EUROPEO,Hembra,N,2022-08-20T00:00:00,Atigrado,Pequeño (< 10 Kg),/cont/paginas/proteccionanimal/animal/imagen/4486_1668077837975.png,Casa de Acogida,Disponible,N,992000001059803,,,N,N,S,2022-11-10T11:57:17,2022-11-17T13:24:14,AR0057945,,,,,,,,https://www.zaragoza.es/cont/paginas/proteccionanimal/animal/imagen/4486_1668077837975.png
4357,HUGO,Canina,MESTIZO,Macho,N,2022-03-13T00:00:00,Blanco y negro,Grande (26-44 kg),/cont/paginas/proteccionanimal/animal/imagen/4357_1663070506457.png,Cuarentena,Disponible,N,941010000739676,ES,020372358,N,N,S,2022-09-13T14:01:46,2022-10-17T09:54:57,,,,,,,3,,https://www.zaragoza.es/cont/paginas/proteccionanimal/animal/imagen/4357_1663070506457.png
4448,LLUVIA,Felina,COMÚN EUROPEO,Hembra,N,2021-10-24T00:00:00,Negro y fuego,Pequeño (< 10 Kg),/cont/paginas/proteccionanimal/animal/imagen/4448_1666614381229.png,Casa de Acogida,Disponible,N,992000002075993,,,N,N,S,2022-10-24T14:26:21,2023-01-18T11:33:50,AR0060318,2023-01-18T00:00:00,,,,,,,https://www.zaragoza.es/cont/paginas/proteccionanimal/animal/imagen/4448_1666614381229.png
4535,HOLLY,Felina,COMÚN EUROPEO,Hembra,N,2021-12-03T00:00:00,Carey,Pequeño (< 10 Kg),/cont/paginas/proteccionanimal/animal/imagen/4535_1670072875289.png,Casa de Acogida,Disponible,N,992000002075850,,,N,N,N,2022-12-03T14:07:55,2022-12-03T14:07:55,AR0060301,2022-07-30T00:00:00,,,,,,,https://www.zaragoza.es/cont/paginas/proteccionanimal/animal/imagen/4535_1670072875289.png
4585,ALDO,Felina,,Macho,N,2022-03-27T00:00:00,Negro,Pequeño (< 10 Kg),/cont/paginas/proteccionanimal/animal/imagen/4585_1672133544134.png,Parque,Disponible,N,992000002076108,,,N,S,S,2022-12-27T10:32:24,2023-02-10T12:50:24,AR0057087,2022-12-27T00:00:00,En el CMPA,2023-01-26T00:00:00,,,,,https://www.zaragoza.es/cont/paginas/proteccionanimal/animal/imagen/4585_1672133544134.png
4591,RAYITO,Felina,COMÚN EUROPEO,Macho,N,2021-12-30T00:00:00,Atigrado,Pequeño (< 10 Kg),/cont/paginas/proteccionanimal/animal/imagen/4591_1672390493578.png,Casa de Acogida,Disponible,N,992000002075897,,,N,N,S,2022-12-30T09:54:53,2022-12-30T09:54:53,AR0057979,2022-12-30T00:00:00,,,,,,,https://www.zaragoza.es/cont/paginas/proteccionanimal/animal/imagen/4591_1672390493578.png
4594,MURPHI,Felina,COMÚN EUROPEO,Macho,N,2022-08-20T00:00:00,Negro,Pequeño (< 10 Kg),/cont/paginas/proteccionanimal/animal/imagen/4594_1672392477000.png,Casa de Acogida,Disponible,N,992000002075896,,,N,N,S,2022-12-30T10:27:56,2022-12-30T10:27:56,AR0057098,2022-12-30T00:00:00,,,,,,,https://www.zaragoza.es/cont/paginas/proteccionanimal/animal/imagen/4594_1672392477000.png
4629,NITO,Felina,COMÚN EUROPEO,Macho,N,2022-10-25T00:00:00,Atigrado,Pequeño (< 10 Kg),/cont/paginas/proteccionanimal/animal/imagen/4629_1674640106042.png,Casa de Acogida,Disponible,N,992000002075997,,,N,N,S,2023-01-25T10:48:26,2023-01-27T08:47:47,AR0057997,2023-01-25T00:00:00,,,,,,,https://www.zaragoza.es/cont/paginas/proteccionanimal/animal/imagen/4629_1674640106042.png
4638,MOIRA,Canina,PASTOR ALEMÁN,Hembra,N,2022-04-30T00:00:00,Negro y fuego,Mediano (11-25 kg),/cont/paginas/proteccionanimal/animal/imagen/4638_1675155172575.png,Cuarentena,Disponible,N,992000002076034,ES,020378905,N,N,S,2023-01-31T09:52:52,2023-02-03T08:05:15,,2023-02-01T00:00:00,,,,,,,https://www.zaragoza.es/cont/paginas/proteccionanimal/animal/imagen/4638_1675155172575.png
4645,JULIA,Felina,COMÚN EUROPEO,Hembra,N,2022-02-01T00:00:00,Blanco,Pequeño (< 10 Kg),/cont/paginas/proteccionanimal/animal/imagen/4645_1675254662541.png,Cuarentena,Disponible,N,992000002076031,,,N,N,S,2023-02-01T13:31:02,2023-02-08T12:27:48,AR0057942,2023-02-01T00:00:00,,,,,,,https://www.zaragoza.es/cont/paginas/proteccionanimal/animal/imagen/4645_1675254662541.png
4653,ALI,Canina,MESTIZO,Hembra,S,2022-02-06T00:00:00,Blanco y atigrado,Mediano (11-25 kg),/cont/paginas/proteccionanimal/animal/imagen/4653_1675675573203.png,Cuarentena,Disponible,N,992000002075978,ES,020378910,N,N,S,2023-02-06T10:26:13,2023-02-10T08:00:47,,2023-02-06T00:00:00,,,Miedoso,,,,https://www.zaragoza.es/cont/paginas/proteccionanimal/animal/imagen/4653_1675675573203.png
4661,LUPO,Canina,MESTIZO,Macho,N,2022-06-08T00:00:00,Negro,Mediano (11-25 kg),/cont/paginas/proteccionanimal/animal/imagen/4661_1675861197387.png,Cuarentena,Disponible,N,992000002075977,ES,020378913,N,N,S,2023-02-08T13:59:57,2023-02-15T08:34:44,,2023-02-08T00:00:00,,,,,,,https://www.zaragoza.es/cont/paginas/proteccionanimal/animal/imagen/4661_1675861197387.png
4652,ANDREITA,Canina,MESTIZO,Hembra,N,2021-03-02T00:00:00,Blanco y negro,Pequeño (< 10 Kg),/cont/paginas/proteccionanimal/animal/imagen/4652_1675428284649.png,Cuarentena,Disponible,N,992000002075971,ES,020378906,N,N,S,2023-02-03T13:44:44,2023-02-07T09:21:15,,2023-02-03T00:00:00,,,,,,,https://www.zaragoza.es/cont/paginas/proteccionanimal/animal/imagen/4652_1675428284649.png
4659,GRU,Felina,COMÚN EUROPEO,Macho,N,2019-02-08T00:00:00,Blanco y negro,Pequeño (< 10 Kg),/cont/paginas/proteccionanimal/animal/imagen/4659_1675857681091.png,Casa de Acogida,Disponible,N,992000002076040,,,N,N,S,2023-02-08T13:01:21,2023-02-08T13:01:21,AR0061947,2023-02-08T00:00:00,,,,,,,https://www.zaragoza.es/cont/paginas/proteccionanimal/animal/imagen/4659_1675857681091.png
4660,LIDIA,Felina,COMÚN EUROPEO,Hembra,N,2022-06-08T00:00:00,Atigrado,Pequeño (< 10 Kg),/cont/paginas/proteccionanimal/animal/imagen/4660_1675857987300.png,Casa de Acogida,Disponible,N,992000002076038,,,N,N,S,2023-02-08T13:06:27,2023-02-08T13:06:27,AR0061942,2022-06-08T00:00:00,,,,,,,https://www.zaragoza.es/cont/paginas/proteccionanimal/animal/imagen/4660_1675857987300.png
4663,LEONCILLA,Felina,PERSA CLÁSICO O TRADICIONAL2¿,Hembra,N,2021-02-10T00:00:00,Negro,Pequeño (< 10 Kg),/cont/paginas/proteccionanimal/animal/imagen/4663_1676029327354.png,Cuarentena,Disponible,N,941010000944921,,,N,S,S,2023-02-10T12:42:07,2023-02-10T12:42:07,AR0061946,2023-02-10T00:00:00,En el CMPA,2023-02-10T00:00:00,Bueno,,,,https://www.zaragoza.es/cont/paginas/proteccionanimal/animal/imagen/4663_1676029327354.png
4642,HANNA MONTANA,Canina,MESTIZO,Hembra,N,2022-06-01T00:00:00,Blanco y marrón,Mediano (11-25 kg),/cont/paginas/proteccionanimal/animal/imagen/4642_1675243430296.png,Cuarentena,Disponible,N,992000002076035,ES,020378902,N,N,S,2023-02-01T10:23:50,2023-02-21T11:47:49,,2023-02-01T00:00:00,,,,,,,https://www.zaragoza.es/cont/paginas/proteccionanimal/animal/imagen/4642_1675243430296.png
4649,MOQUI,Felina,COMÚN EUROPEO,Macho,N,2022-08-02T00:00:00,Blanco y atigrado,Pequeño (< 10 Kg),/cont/paginas/proteccionanimal/animal/imagen/4649_1675340856041.png,Casa de Acogida,Disponible,N,992000002076089,,,N,N,N,2023-02-02T13:27:36,2023-02-10T09:44:05,AR0061485,,,,,,,,https://www.zaragoza.es/cont/paginas/proteccionanimal/animal/imagen/4649_1675340856041.png
4646,DON PEDRO DE LUNA,Felina,COMÚN EUROPEO,Macho,N,2022-04-02T00:00:00,Blanco y atigrado,Pequeño (< 10 Kg),/cont/paginas/proteccionanimal/animal/imagen/4646_1675339044818.png,Casa de Acogida,Disponible,N,992000002076090,,,N,N,S,2023-02-02T12:57:24,2023-02-10T09:44:49,AR0061481,2023-02-02T00:00:00,,,,,,,https://www.zaragoza.es/cont/paginas/proteccionanimal/animal/imagen/4646_1675339044818.png
4647,CHIPA,Felina,COMÚN EUROPEO,Hembra,N,2022-05-02T00:00:00,Blanco y marrón,Pequeño (< 10 Kg),/cont/paginas/proteccionanimal/animal/imagen/4647_1675340455248.png,Casa de Acogida,Disponible,N,992000002076087,,,N,N,S,2023-02-02T13:20:55,2023-02-10T09:44:34,AR0061483,2023-02-02T00:00:00,,,,,,,https://www.zaragoza.es/cont/paginas/proteccionanimal/animal/imagen/4647_1675340455248.png
4648,CHIP,Felina,COMÚN EUROPEO,Macho,N,2022-05-02T00:00:00,Blanco y negro,Pequeño (< 10 Kg),/cont/paginas/proteccionanimal/animal/imagen/4648_1675340675944.png,Casa de Acogida,Disponible,N,992000002076086,,,N,N,S,2023-02-02T13:24:35,2023-02-10T09:44:19,AR0061482,2023-02-02T00:00:00,,,,,,,https://www.zaragoza.es/cont/paginas/proteccionanimal/animal/imagen/4648_1675340675944.png
4650,QUIMO,Felina,COMÚN EUROPEO,Macho,N,2022-08-02T00:00:00,Blanco y atigrado,Pequeño (< 10 Kg),/cont/paginas/proteccionanimal/animal/imagen/4650_1675341006494.png,Casa de Acogida,Disponible,N,992000002076088,,,N,N,S,2023-02-02T13:30:06,2023-02-10T09:43:51,AR0061484,2023-02-02T00:00:00,,,,,,,https://www.zaragoza.es/cont/paginas/proteccionanimal/animal/imagen/4650_1675341006494.png
